Identifiant station;Nom de la station;Capacité de la station;Coordonnées géographiques
11025;Froment - Bréguet;43;48.8570414504784,2.37289470306807
6029;Vaugirard - Monsieur le Prince;26;48.848951441614176,2.3411329463124275
7025;Octave Gréard - Tour Eiffel;33;48.856502977695634,2.293178754328878
9028;Moncey - Blanche;17;48.88006587474148,2.3310810327529907
10042;Enghien - Faubourg Poissonnière;16;48.87242006305313,2.348395236282807
48010;Karl Marx.;16;48.784527937293184,2.3646667979455587
11039;Richard Lenoir - Jean-Pierre Timbaud;36;48.86580427668637,2.369337074966926
17013;Legendre - Dulong;23;48.885325169402904,2.316423766314984
19016;Hautpoul - Jean Jaurès;33;48.88639367943585,2.386541454435452
9021;Saint Georges - d'Aumale;23;48.87778639599673,2.337429821491241
12013;Montgallet - Reuilly;16;48.844291,2.3896481
14117;Gare Montparnasse - René Mouchotte;39;48.83920384329242,2.320883944630623
20132;Réunion - Avron;26;48.852566752033766,2.403928068708116
42707;Place Jean-Baptiste Clément;25;48.81240466867336,2.3617091774940495
11029_relais;Ménilmontant - Oberkampf;0;48.8669761,2.3823523
16006;Lauriston - Copernic;19;48.86926,2.289918
10165;Gare de l'Est - Place du 11 Novembre 1918;40;48.876327,2.3585464
51003;Hôtel de Ville d'Argenteuil;30;48.946504,2.2496396
8051;Batignolles - Rome;15;48.881823370566806,2.3202589899301524
19039;Edouard Pailleron - Simon Bolivar;24;48.87979886049996,2.374839261174202
16032;Eglise d'Auteuil;21;48.84749841771691,2.26848387135299
17047;Courcelles - Pierre Demours;26;48.883769733273496,2.29858466343129
21703;Square du Carrefour de l'Insurrection;23;48.820864559770676,2.291113436222077
5121;Square René Viviani - Montebello;34;48.851904891406384,2.347842156887055
32004;Wilson - Landy;40;48.91516726221354,2.357633225619793
21114;Gustave Eiffel - Parc des Impressionnistes;30;48.90390619651018,2.2946908324956894
10033;Gare du Nord - Saint-Vincent de Paul;24;48.88095574164779,2.352430514838522
2101;Bachaumont - Montmartre;33;48.86617395079137,2.3449775576591496
13515;Auguste Blanqui - Glacière;60;48.831151602964354,2.3438221961259837
10004;Metz - Faubourg Saint-Denis;48;48.870893,2.353521
16115;Raffet - Montmorency;42;48.85258670812,2.2629252456151954
21219;Amaury Duval - Gabriel Péri;36;48.81718759671675,2.323841750621796
23003;Président Wilson - Baudin;28;48.89826887103676,2.2849336266517644
25001;Colmar - Victor Hugo;32;48.88652251096166,2.173960916697979
47001;Place de la Gare;46;48.80253358011283,2.4275037646293645
9102;Londres - Place d'Estienne d'Orves;25;48.876693805756986,2.3305362090468407
10021;Marché Saint-Quentin;15;48.877356057652264,2.354511445637388
6022;Marché Saint-Germain;21;48.85165625855281,2.335500307381153
11011;Richard Lenoir - Voltaire;25;48.86164273877979,2.3727491497993474
20105;Benoît Frachon - République;30;48.85230729014318,2.415605485439301
10008;Cité Riverin - Château d'Eau;18;48.870702423554306,2.358739863900845
16036;Porte Molitor;60;48.84524763511433,2.2569015249609947
12015;Place de la Nation - Picpus;36;48.84682168154762,2.400113046169281
9037;Parme - Clichy;24;48.88126642422664,2.328197093450571
8028;Arsène Houssaye - Champs-Elysées;29;48.87340927626732,2.2977904602885246
5122;Saint-Michel - Luxembourg;29;48.84501507626001,2.339494116604328
1014;Rivoli - Musée du Louvre;24;48.86364636851945,2.33409583568573
1026;Place du Lieutenant Henri Karcher;30;48.863490871724466,2.3400671035051346
17106;Berthier - Porte de Clichy;24;48.894222687781095,2.3125872006815977
12166;Parc Floral du Bel Air;25;48.839285711865735,2.438560165464878
1008;Les Halles - Saint-Eustache;32;48.86362695901683,2.342623919248581
20140;Paganini - Davout;22;48.85135,2.412021
24004;Paix - Verdun;35;48.900504,2.261173
13006;Duméril - Jeanne d'Arc;40;48.83815160808658,2.357108449556404
25002;Hôtel de Ville de Rueil-Malmaison;20;48.878194,2.181724
6020;Place Saint-André des Arts;37;48.85288617388103,2.3426544293761253
22602;Place Henri Dunant - Gare RER;31;48.787543,2.2907628
34005;Adrien Lesesne - Docteur Bauer;30;48.90263867304635,2.348248063431511
6108;Saint-Romain - Cherche-Midi;17;48.84708159081946,2.321374788880348
42016;Pierre et Marie Curie - Maurice Thorez;27;48.81580226360801,2.376804985105991
25006;Place Nelson Mandela;22;48.862090937689715,2.196576297283173
13101;Croulebarde - Corvisart;34;48.830981659316855,2.3481646925210953
43009;Place Jean-Spire-Lemaître;50;48.8468428626593,2.452062070369721
19105;Ambroise Rendu - Porte Brunet;17;48.883667,2.395733
10025;Jemmapes - Ecluses Saint-Martin;15;48.87748519186726,2.3660067468881607
17012;Mairie du 17ème;24;48.88416184871573,2.322079431103719
11047;Amelot - Saint-Sébastien;30;48.86114216276092,2.367799618107727
5032;Panthéon - Valette;39;48.84702057165222,2.3464982619671075
14003;Schoelcher - Raspail;50;48.83681733526843,2.3312794080411474
5018;Mutualité;37;48.8482255727241,2.350287325680256
15106;Grenelle - Violet;35;48.84993035512154,2.294612042605877
5124;Erasme - Ulm;24;48.84264375274712,2.3445946723222733
32604;Square du Théâtre du Garde-Chasse;50;48.881287375060616,2.420119643211365
15046;Parc Georges Brassens - Brancion;29;48.83227829269761,2.3022570088505745
17028;Reims - Raymond Pitet;37;48.8888,2.296319
16111;Faustin Hélie - Desbordes-Valmore;33;48.859403,2.276522
12115;Porte de Vincennes;33;48.846454,2.415514
24002;Gare de Courbevoie;36;48.8993867,2.2506506
33003;Bordier - Félix Faure;48;48.90390751882016,2.3830059170722966
12126;Gravelle - Route du Bac;51;48.824407,2.418455
17017;Gare de Pont-Cardinet;34;48.88713901475306,2.314494143994255
7014;Saint-François-Xavier;42;48.851544847689894,2.3146149516105656
6103;Mézières - Rennes;55;48.85023459321703,2.3303819820284843
19109;Tanger - Place du Maroc;19;48.8862524447104,2.3689296841621403
22101;Gare Routière de Saint Cloud;31;48.84288183896324,2.222245037555695
18025;Mairie du 18ème;40;48.892939296937605,2.3445510864257812
11040;Temple - Jean-Pierre Timbaud;36;48.864465972010244,2.3660597205162053
18109;Pajol - Riquet;47;48.88960028134536,2.3628534749150276
18029;Emile Blemont - Poteau;39;48.8943782,2.3415122
31703;Sadi Carnot - François Mitterrand;27;48.87532687671517,2.4241617321968083
11010;Boulets - Faubourg Saint-Antoine;43;48.84925926211519,2.391754614194301
1117;Pont Neuf - Rivoli;26;48.86008989261731,2.344057559967041
9017;Lallier - Trudaine;29;48.88109246617963,2.3408224806189537
16112;Chernoviz - Raynouard;37;48.8569864146289,2.282173218142987
15003;Gare Montparnasse - Vaugirard;66;48.8418071798797,2.31951002690117
31013;Centenaire - Sorins;45;48.85853523359734,2.4273508787155156
18001;Damrémont - Caulaincourt;18;48.88714509078738,2.3325880989432335
5028;Censier - Jardin des Plantes;28;48.84107178161383,2.355475388467312
20117;Saint-Fargeau - Mortier;33;48.87266656122256,2.407912909984589
21120;Docteur Calmette - Martre;30;48.89896935848292,2.308651325238316
31101;Jules Guesde - Laennec;19;48.87628983900398,2.5006942078471184
21302;Aristide Briand - Place de la Résistance;25;48.82124248401006,2.2511002421379094
22604;Hôtel de Ville de Fontenay-aux-Roses;34;48.790844603480856,2.2871455930319455
20007;Buzenval - Avron;50;48.851617204998654,2.401513597307666
22501;Théâtre de La Garenne;20;48.905768309295276,2.2353921022349748
42701;Charles Gide - Fort de Bicêtre;30;48.8071937956922,2.353984415531159
13106;Bobillot - Paulin Mery;23;48.829899841747384,2.3543356766748507
13109;Brillat-Savarin - Küss;21;48.822203,2.350422
15064;Javel - André Citroën;45;48.846276485475,2.2786368057131767
35007;Benjamin Delessert - Jean Lolive;21;48.89392043619345,2.417981922626496
23004;Paul Vaillant-Couturier - Victor Hugo;36;48.89819702263572,2.293848017974069
9027;Douai - Pierre Fontaine;25;48.88229101148092,2.33324121683836
14137;Maurice d'Ocagne - General Maudhuy;30;48.82414282524159,2.3158789426088333
12028;Vivaldi - Antoine-Julien Hénard;27;48.841923663276546,2.389728979467376
14032;Mairie du 14ème;32;48.83254578122993,2.325492314994335
41203;Stalingrad - Rigollots;20;48.84997403844251,2.45557576417923
12037;Reuilly - Daumesnil;36;48.8395385,2.3972516
18034;Leibniz - Jean Dollfus;32;48.896328348515986,2.333390423834684
10034;Louis Blanc - La Chapelle;21;48.88400896451429,2.3599335551261906
20104;Louis Lumière.;22;48.86216198070008,2.41112578185621
9009;Square Montholon;21;48.876620377545024,2.3457641154527664
20006;Pyrénées - Plaine;12;48.85026702458012,2.4062821269035344
12112;Charenton - Jardiniers;31;48.833821772922654,2.394692664106047
3011;Turbigo - Réaumur;31;48.86557404753054,2.3564198613166814
10027;Dunkerque - Alsace;20;48.879355,2.358379
22503;Joffre - Aigle;20;48.904033,2.245096
48005;Eugène Varlin - Place de la Paix;23;48.792862,2.363093
2004;Square Pierre Lazareff;17;48.867141720745806,2.348393350839615
1025;Oratoire - Rivoli;18;48.861342760889265,2.3400047421455388
12113;Cardinal Lavigerie;46;48.832934193699835,2.402636749399156
20010;Sorbier - Gasnier-Guy;34;48.86521763101122,2.39365965127945
21704;Place du Maréchal de Lattre de Tassigny;27;48.821707715257055,2.2853431485432423
19121;Belleville -  Pré Saint-Gervais;21;48.875565910073085,2.3930460959672923
24005;Edith Cavell - Volta;33;48.901616564286975,2.269354350864887
19102;Rampal - Belleville;17;48.87302160155955,2.379910983145237
21205;Arthur Auger - Jean Jaurès;26;48.813736445585235,2.3069277405738835
19001;Crimée - Ourcq;56;48.894104140316266,2.372946088467279
20011;Pyrénées - Dagorno;20;48.855425770695085,2.4051643162965775
22703;Place Jean Mermoz;30;48.9220937,2.2718348
21508;Georges Pompidou - Verdun;26;48.875481,2.232443
19045;Macdonald - Césaria Evora;67;48.89883,2.37933
23203;Division Leclerc - Kléber;25;48.798666226364,2.2833752789972
12106;Gare de Lyon - Roland Barthes;68;48.84395729494058,2.3790882155299187
12109;Mairie du 12ème;30;48.84085531176338,2.3875549435615544
14111;Cassini - Denfert-Rochereau;25;48.83752583906732,2.336035408079624
22207;Rond-point du Dr Albert Schweitzer;22;48.78980918988166,2.3143940046429634
9008;Tour d'Auvergne - Rodier;17;48.879161,2.343698
10162;Alexandre Parodi - Quai de Valmy;24;48.87935941942529,2.366596162319184
41303;Gare de Nogent-le-Perreux;32;48.83842553348809,2.493693307042122
15112;Vigée-Lebrun - Anselme Payen;24;48.838683941628375,2.3110422492027287
15042;Henry Farman;16;48.83372430280548,2.2713854536414146
8045;Place de la Reine Astrid;58;48.86492098253841,2.302549182385926
21312;Lucie Aubrac - Fort;30;48.818144834008976,2.271184623241425
15054;Lecourbe - Jean Maridor;19;48.83796366147599,2.2877392172813416
16008;Galilée - Kléber;33;48.86741186571367,2.290781380114821
8057;Hoche - Tilsitt;33;48.87483645783703,2.297132313251496
16108;Sablons - Georges Mandel;38;48.863875,2.28189
19032;Villette - Belleville;48;48.872687731400255,2.3764613270759587
16136;Théophile Gautier - François Millet;30;48.85034821320644,2.273029983043671
24001;Arche - Léonard de Vinci;28;48.89790972494496,2.2383723043644914
42302;Aristide Briand - Gare de Bagneux;22;48.79387269664978,2.321148812770844
19008;Flandre - Alphonse Karr;26;48.89465,2.381868
32016;Place de la Porte de Paris;40;48.93009363207303,2.3564037680625916
41402;Victor Hugo - Ecoles;25;48.80476007936134,2.4180373930262093
17011;Fragonard - Porte de Clichy;56;48.89415563341899,2.314389310777188
10113;Parmentier - Hôpital Saint-Louis;43;48.87137987425661,2.369896383666685
15122;Place Charles Vallin;26;48.83552381204077,2.302598655223847
20120;Evariste Galois;30;48.87308753734472,2.4133380129933357
21511;Marcel Monge - Marcel Dassault;46;48.86096384533371,2.2246733296048142
20040;Parc de Belleville - Julien Lacroix;26;48.8703459,2.3842214
13026;Place Jean Delay;35;48.823316,2.354336
14130;Jonquoy - Didot;30;48.82890454823947,2.31648076325655
31019;Vincennes - Douy-Delcupe;38;48.85493692155721,2.436049282550812
44012;Génie - Mozart;19;48.794902381218904,2.3734183609485626
9117;Bellefond - Maubeuge;31;48.878255397644715,2.345264218747616
12107;Diderot - Pierre Bourdan;21;48.84764862079675,2.3902582749724393
7008;Villersexel - Saint-Germain;16;48.858297001217615,2.323793470859528
18202;Diane Arbus;38;48.898800717199,2.3524022474884987
15059;Parc André Citroën;65;48.840639944296655,2.2780618071556096
16016;Paul Doumer - La Tour;34;48.860116109626574,2.280840481911055
12108;Bercy.;66;48.839966914994,2.3788625746965
33005;République - Henri Barbusse;32;48.90661553626751,2.389432489871979
8049;Georges V - François 1er;22;48.87034,2.30082
10164;Claude Vellefaux - Sambre et Meuse;34;48.875022,2.370478
22012;Madeleine Michelis - Roule;25;48.88260431301364,2.2773634269833565
31017;Jean Moulin - Paul Doumer;20;48.8622179854695,2.45533436536789
92005;Gare de Nanterre Ville;43;48.8950295,2.1957932
14101;Gare Montparnasse - Edgar Quinet;33;48.841487851078895,2.3233232282800524
5014;Jean Calvin - Tournefort;28;48.84158856925782,2.348489575088024
22206;Louis Pasteur - Albert Petit;31;48.796261,2.317289
13516;Glacière - Soeur Catherine Marie;40;48.829522989420596,2.343570403754711
7109;Place Joffre - Frédéric le Play;38;48.85375448693786,2.3044242337346077
10019;Paradis - Hauteville;31;48.874999954666755,2.3522757401923404
5007;Ecoles - Carmes;36;48.848904447989405,2.3473486304283147
13044_Relais;Place Jeanne d'Arc;0;48.82933074817225,2.3687536641955376
14132;Bézout - Général Leclerc;30;48.82884804502439,2.3285973072052
4009;Village Saint-Paul;28;48.852639866624806,2.3607301712036137
6007;Bréa - Raspail;24;48.842738478257814,2.329794221763396
12123;Château de Vincennes;52;48.84423193255657,2.439209537709179
13024;Bobillot - Tolbiac;33;48.8255961335041,2.350204177200794
15069;Félix Faure - Convention;44;48.841249336041045,2.288386600849503
15024;Suffren - La Motte-Piquet;23;48.85088123091874,2.301219999790192
41602;Place Charles Digeon;32;48.84354203133597,2.418427169322968
14004;Port Royal - Hôpital Cochin;23;48.838373233813286,2.340717874467373
14035;Maine - Jean Zay;50;48.837925263897674,2.3225428909063344
20005;Reynaldo Hahn - Lagny;19;48.849266043601794,2.412330328844772
6005;Montparnasse -  Square Ozanam;49;48.84331056782166,2.326524294912815
21007;Rond-Point Rhin et Danube;53;48.840452820991764,2.2280225157737736
13013;Saint-Marcel - Hôpital;21;48.83950442458303,2.360989417022932
8044;Alfred de Vigny - Place du Général Brocard;33;48.87836138361425,2.305254448220567
22302;Gare RER - Général de Gaulle;0;48.929792,2.282294
17048;De Toqueville - Terrasse;30;48.882428,2.314002
14013;Liard - Amiral Mouchez;14;48.8214169,2.342167
16110;Octave Feuillet - Albéric Magnard;21;48.86106902949534,2.2730283066630363
26003;Argenteuil - Voltaire;16;48.91864865955558,2.2814112156629562
12151;Gare de Lyon - Place Louis Armand;60;48.8455150897939,2.3726498446286
19026;Place de Rhin et Danube;17;48.88192765861766,2.392586767673493
8034;Berri - Haussmann;35;48.874746047357135,2.3082953318953514
13002;Arago - Glacière;27;48.83486054775774,2.3445770524322067
11035;Parmentier - Abel Rabaud;52;48.86921273836114,2.371688821240712
42504;Gare RER de Gentilly;30;48.814280450380224,2.3410347104072575
14036;Boulard - Daguerre;45;48.83446472680611,2.3293386027216907
14021;Place de la Porte de Châtillon;59;48.8242469,2.3186306
41606;Pasteur - Gambetta;19;48.84572797384512,2.4236011505126953
33018;Edouard Poisson - Victor Hugo;30;48.91118557052621,2.379864752692811
17037;Bayen - Pereire;22;48.881804409079656,2.2921088710427284
25005;18 juin 1940 - Buzenval;25;48.868807,2.185428
16018;Flandrin - Henri Martin;18;48.8643275,2.2724174
33019;Madeleine Vionnet;34;48.90251907406377,2.37408958375454
31705;Champeaux - Gallieni;50;48.864459134684644,2.4161778017878532
41604;Lagny - Joffre;31;48.84930687084088,2.417949736118317
7006;Quai Voltaire;32;48.85894298617901,2.331418204714572
2010;Uzès - Montmartre;29;48.870790980240706,2.3431010171771054
42503;Vladimir Ilitch Lénine - Andrée Chedid;31;48.813199499999044,2.3321458697319035
32014;Place du Cornillon - Stade de France;35;48.92540695835961,2.3644426837563515
32017;Basilique;22;48.93626891059109,2.3588666820200914
20023;Pelleport - Belgrand;15;48.86500081847653,2.403980836377493
35003;Gabrielle Josserand - Edouard Vaillant;25;48.90271566255436,2.3933270573616032
15031;Théâtre - Lourmel;53;48.8482070397636,2.2898658737540245
21014;Hameau Fleuri - Marché;22;48.831448892608314,2.2412404417991643
16122;Route de la Muette - Porte de Neuilly;50;48.8798926,2.2587671
20137;Borrégo - Gambetta;25;48.87330497045532,2.4014145880937576
19023;Manin - Simon Bolivar;26;48.87649965412676,2.379407362599104
32018;Franciade - Gabriel Péri;26;48.93261499331498,2.355954498052597
18014;Léon - Doudeauville;13;48.88832421845225,2.353573372638597
23005;Gare de Clichy-Levallois;26;48.89679827481989,2.2984680533409123
14128;Gergovie - Vercingétorix;29;48.83453413883994,2.313154547426182
12125;Pyramide - Parc Floral;50;48.837442,2.440452
21115;Chancé Milly - Cimetière Communal Sud;32;48.89687189382465,2.303922325372696
10012;Vinaigriers - Magenta;25;48.8731167,2.3593052
21702;Gare SNCF Vanves-Malakoff;51;48.819002163836444,2.292150005103606
10018;Square Alban Satragne;30;48.875388227727306,2.355956733335916
10114_relais;Granges aux Belles - Hôpital Saint-Louis;0;48.87472,2.3652844
44016;Balzac - Olympes de Gouges;28;48.77850332486751,2.4006786569952965
17123;Mstislav Rostropovitch - Berthier;18;48.892120821173975,2.309234105050564
41211;Louis Xavier de Ricard - Ancienne Mairie;34;48.84629899065091,2.472420372068882
12101;Charenton - Prague;26;48.848175129981016,2.376358449431232
20022;Porte de Bagnolet;33;48.864707139122984,2.408344637349607
17019;Phalsbourg - Villiers;20;48.88242307900951,2.3090453445911407
4108;Quai de Béthune - Pont de la Tournelle;25;48.85097433194032,2.356307208538055
15111;Olivier de Serres - Leriche;25;48.83460221715206,2.2957482933998112
14022;Didot - Mariniers;35;48.82650543613106,2.313136198271666
19012;Lally-Tollendal - Armand Carrel;28;48.88270066221072,2.374717555940151
18015;Custine - Ramey;41;48.888735896947054,2.3469526693224907
32019;Place du 8 mai 1945;30;48.938882272105374,2.3566243797540665
17021;Jouffroy d'Abbans - Villiers;34;48.88421554703737,2.3056533560156827
6026;Saint-Placide - Cherche Midi;66;48.8490535919234,2.325317971408367
5003;Le Goff - Gay-Lussac;35;48.8461024009786,2.3412207886576653
11022;Roquette - Auguste Laurent;16;48.858001906023354,2.381797702650783
20012;Buzenval - Vignoles;17;48.85385817168762,2.400004081428051
14009;Tombe Issoire - René Coty;36;48.83051287670899,2.3343613743782043
16116;George Sand - Jean de La Fontaine;29;48.84986918764119,2.268257387525699
18101;Championnet.;22;48.8953643,2.3498166
11029;Ménilmontant - Oberkampf;40;48.8666176586814,2.38301344041578
15114;Pasteur - Cotentin;33;48.8389284,2.316356
14025;Jacquier - Didot;30;48.82953336292279,2.318179272115231
8003;Galilée - Vernet;17;48.87171587869726,2.2985444962978363
12165;Champs de Manoeuvre - Cartoucherie;20;48.835261,2.447974
23201;Avenir;45;48.8103438,2.3003776
8026;Messine - Place Du Pérou;12;48.875448033960744,2.315508019010038
7003;Square Boucicaut;60;48.851296433665276,2.325061820447445
7002;Vaneau - Sèvres;35;48.84856323305935,2.3204218259345537
14108;Le Brix et Mesmin - Jourdan;21;48.82234096593411,2.327861653302471
31024;Romainville - Vaillant-Couturier;38;48.86785,2.446748
19033;Cambrai - Benjamin Constant;43;48.89594736851349,2.381133802246315
16118;Michel-Ange - Parent de Rosan;26;48.840579923690115,2.2584119439125065
12031;Gabriel Lamé;36;48.8351212784276,2.385534569621086
9014;Faubourg Montmartre - La Fayette;35;48.87525454905335,2.340853661298752
9001;Bellefond - Poissonnière;17;48.87759897050706,2.348463758826256
31706;Château - République;26;48.8629238005955,2.415503561496735
45003;11 Novembre 1918 - 8 Mai 1945;36;48.80889533774377,2.5382421165704727
41302;Charles de Gaulle - Beauté;49;48.83649602312711,2.479562651149885
5004;Saint-Jacques - Val de Grâce;20;48.8417514,2.3413893
42021;Raspail - Manufacture des Oeillets;32;48.8094458,2.3903009
5012;Estrapade - Ulm;16;48.84512772828039,2.3454568170361734
7102;Mairie du 7ème;27;48.8577967,2.3192664
11004;Charonne - Faubourg Saint-Antoine;34;48.85219190969573,2.3740932717919354
18201;Tristan Tzara -  Tchaïkovski;33;48.89490221746837,2.3648490384221077
11009;Boulets - Voltaire;24;48.85218705621031,2.389030158519745
42029;Stalingrad - Germaine Tailleferre;28;48.80257200481316,2.3786691203713417
6013;Jacques Callot - Mazarine;28;48.85528017533187,2.337574325501919
41102;Gare de Laplace;43;48.80893199114179,2.3349460959434514
14034;Ouest - Château;23;48.83617286014242,2.319392143923804
12029;Dugommier;55;48.8388110488154,2.38965779542923
5119;Jussieu - Guy de la Brosse;40;48.845665,2.355653
14104;Boyer-Barret - Raymond Losserand;23;48.83329880233322,2.3173383995890617
20113;Piat - Parc de Belleville;21;48.87195626635528,2.384981390278095
15017;Place Falguière;23;48.83629973941847,2.3104464635252953
92004;Nanterre - Université;20;48.901365,2.212693
19038;Lassus - Delouvain;20;48.87550448459959,2.3890327325518528
20118;Orteaux - Mouraud;24;48.85558642847872,2.408762907764669
11041;Square Saint-Ambroise;43;48.860934,2.375841
18043;Clichy - Place Blanche;20;48.883601088297006,2.333223782479763
42703;Fontainebleau - Edmond Michelet;45;48.80956436844049,2.3626908659935
10114;Granges aux Belles - Hôpital Saint-Louis;60;48.874794994841274,2.366669436984963
4013;Vieille du Temple - Francs Bourgeois;29;48.858256413365815,2.35821794718504
13114;Nationale - Marcel Duchamp;23;48.82463749337136,2.3678014799952507
14007;Ferrus - Saint-Jacques;34;48.8313878,2.3408563
19030;Melun - Jean Jaurès;28;48.8837796723475,2.376477420330048
18035;René Binet - Porte de Montmartre;37;48.89905109950848,2.3365534096956253
10039;Sambre et Meuse - Villette;25;48.87440566621717,2.373807237995119
33104;Square Edmond Pépin;30;48.88365620689917,2.4033531546592717
13010;Place d'Italie - Vincent Auriol;40;48.83148187446674,2.356755029231863
10152;Gare du Nord - Place de Valenciennes;25;48.879089,2.354235
16009;Saint-Didier - Raymond Poincaré;17;48.86642312020962,2.285863497192411
21213;Vanne - Général de Gaulle;25;48.815007,2.328318
8020;Batignolles - Beudant;44;48.88216401466375,2.319852970540523
15023;La Motte-Picquet - Grenelle;34;48.84858321339195,2.299347817897797
17003;Jacques Kellner - Saint-Ouen;45;48.895809485802886,2.327897409164145
9114;Faubourg Poissonnière - Dunkerque;30;48.880883445404436,2.349934279918671
15022;Emile Zola - Fondary;42;48.847051143113745,2.2953405976295476
12026;Place Ginette Hamelin;51;48.837853,2.382064
27005;Gare du Stade;20;48.9312676,2.2603778
21314;Chemin de Bretagne;29;48.825147,2.25936
22201;Henri Ravera - Gabriel Péri;30;48.79722273833844,2.302115857601166
22301;Chausson - Gabriel Péri;22;48.921891003481115,2.2952306270599365
15132;Bargue -  Dutot;21;48.837884,2.308876
16103;Traktir - Foch;22;48.87275533461363,2.2915497802487077
2003;Saint-Denis - Réaumur;32;48.8661116315789,2.3507790675507594
1102;Française - Etienne Marcel;37;48.864053304653766,2.347587011754513
21507;Gardenat-Lapostol - Velettes;20;48.87387,2.224185
14023;Adolphe Pinard - Victor Hugo;52;48.8236825874564,2.3077843710780144
14133;Froidevaux - Boulard;35;48.83514731962543,2.3294411972165108
4017;Place de l'Hôtel de Ville;14;48.8573314,2.351458
2016;Aboukir - Alexandrie;21;48.86868344444473,2.3502043269474897
12164;Stade Pershing;26;48.829107826857424,2.458353526890278
1013;Place du Palais Royal;67;48.862382970646635,2.33848225325346
19046;Porte de Pantin.;33;48.889199725577164,2.3950181901454926
13028;Gouthière - Poterne des Peupliers;33;48.820507,2.351342
19119;Edouard Pailleron - Bouret;27;48.880597694070524,2.3769494891166687
14005;René Coty - Place Denfert-Rochereau;36;48.83305647731638,2.332941144704819
43004;Montreuil - République;25;48.85026349463687,2.4345204234123234
13055;M.- A. Lagroua Weill-Hallé -  F. Dolto;60;48.828595283857425,2.380220606266108
22014;Victor Hugo - Bineau;25;48.88758225888669,2.2783890366554265
19123;Metz - Marne;33;48.891163,2.3865705
34012;Bateliers - Quai de Seine;26;48.915817585516,2.3239533298594055
23204;Roland Garros - Jean Bouin;0;48.8094608571735,2.2853198638300847
15056;Place Balard;22;48.836395736424116,2.2784192115068436
13123;BNF - Bibliothèque Nationale de France;42;48.8350268238,2.3760157451034
41301;Bois de Vincennes - Gare;50;48.836022242886884,2.4708339950830287
15047;Morillons - Dantzig;52;48.83310149953933,2.299380004405976
17032;Jean Oestreicher - Porte de Champerret;21;48.88655580065981,2.288640439510346
8016;Square Louis XVI;29;48.87320440102894,2.323658830743138
18011;Pajol - Place Herbert;39;48.8927825,2.3635598
19103;Manin - Carrières d'Amérique;20;48.88467214209463,2.3919698596000676
15105;Fédération - Suffren;25;48.852828153442346,2.2978776320815086
35002;Jean Jaurès - Presles;30;48.90713441498779,2.396005728053061
9116;Victoire - Chaussée d'Antin;24;48.875065791004396,2.3316738009452824
20134;Lieutenant Chauré - Etienne Marey;20;48.86746195408435,2.405970990657807
12024;Gare de Bercy;35;48.839794573906,2.3826066032052
20021;Indre - Prairies;38;48.86254398506782,2.403290458023548
20116;Haies - Réunion;22;48.85386896766491,2.402426162238911
12004;Traversière - Ledru-Rollin;34;48.850735824128805,2.375870111706245
45001;Hôtel de Ville de Champigny sur Marne;21;48.813810628405,2.5096759200096
13041;Porte d'Ivry;50;48.82176874759649,2.3688706755638127
18042;Place Pigalle;21;48.8827555,2.3361566
20019;Place du Maquis du Vercors;31;48.877321579493575,2.4083782732486725
15063;Convention - Saint-Charles;19;48.84315611111599,2.2831090539693832
11003;Keller - La Roquette;34;48.8555508,2.3752778
47002;Les Juilliottes;21;48.8043072,2.4437362
11107;Faidherbe - Dahomey;44;48.851358329771806,2.383823134795429
11110;Roquette - Folie Regnault;52;48.859246959155485,2.386553623578705
12127;Tremblay - Lac des Minimes;48;48.834131261494356,2.454751655459404
20002;Square de la rue Pixérécourt;15;48.8736824,2.3960278
5029;Georges Bernanos - Port Royal;30;48.84014521347377,2.3373574018478394
9036;Athènes - Clichy;20;48.878113787876,2.32956021945824
31025;Paul Signac - Aristide Briand;35;48.86950262156371,2.4502260982990265
4003;Quai aux Fleurs - Pont Saint-Louis;21;48.85291595620935,2.352195717394352
21217;Louis Rolland - République;26;48.81710889740748,2.3193106434955717
16002;Pergolèse - Malakoff;38;48.87521088779225,2.2842781618237495
23010;Voltaire - Anatole France;27;48.891999360256904,2.284262739121914
11017;Charonne - Bureau;47;48.854176,2.396093
15011;Cambronne - Villa Croix Nivert;62;48.84584756136587,2.3017574474215508
5024;Place Monge;21;48.842761803051346,2.3524079471826553
9011;Geoffroy - Marie;20;48.873781940593325,2.344513876337893
21303;Jean Monnet - Iles;32;48.823393984057304,2.2497073194874866
13035;Choisy - Tolbiac;26;48.82591155587,2.3602393269539
14031;Didot - Place de Moro-Giafferi;22;48.8337,2.3215
33012;Landy - Heurtault;30;48.915096534520316,2.375951372087002
18039;Jardins d'Eole;20;48.8869703,2.3668488
14026;Plantes - Moulin Vert;45;48.83005755305626,2.3232302069664006
10032;Claude Vellefaux - Hôpital Saint-Louis;32;48.87285913900304,2.370071706985146
12156;Niger - Soult;24;48.84369906369085,2.410361237220498
32013;Saint-Denis - Université;24;48.94563430946964,2.3638297989964485
12002;Lacuée - Lyon;16;48.849268481958404,2.370458543300628
21953;Gare de Bellevue;20;48.8192404685572,2.2295309230685234
24006;Adolphe Lalyre - Armand Silvestre;40;48.90406266961591,2.273416221141815
15062;Convention - Lourmel;36;48.84205504165568,2.2859910875558853
33020;Waldeck Rochet - Germaine Tillon;31;48.91105960199651,2.3676301538944244
27001;Square Victor Basch;20;48.91430486226092,2.2289156913757324
1023;Saint-Honoré - Musée du Louvre;22;48.86344313284792,2.3348781846405102
13049;Vincent Auriol - Louise Weiss;22;48.834001935501,2.3703888058662
19114;Manin - Secrétan;20;48.8791665,2.3787959
8018;Saint-Augustin;31;48.8762009747008,2.319786250591278
9025;Taitbout - Châteaudun;39;48.876383969379,2.335356677933531
21022;Dôme - République;25;48.832681,2.250257
12008;Hector Malot - Daumesnil;54;48.84693552991762,2.3770876228809357
25004;Marcel Pourtout - Édouard Manet;24;48.87555620763429,2.1655967831611638
17006;Guy Môquet - Compoint;36;48.89213559044868,2.32321947813034
20033;Etienne Dolet - Place Maurice Chevalier;33;48.86798303359366,2.3851405311143026
19007;Flandre - Ourcq;30;48.89260159189023,2.3790915682911873
21016;Point du Jour - Jean Jaurès;26;48.828753141436465,2.245911467014621
17050;Batignolles - Abel Truchet;28;48.88310390458221,2.323834749088381
44010;8 Mai 1945 - 10 Juillet 1940;30;48.784567029674,2.3979035764933
15032;Félix Faure - Lourmel;58;48.83868901709515,2.2818081825971603
23205;Parc des Pierrettes;23;48.7973062,2.2909969
17010;Jonquière - Docteur Paul Brousse;40;48.894799816683985,2.318705212173216
18024;Clignancourt - Ordener;35;48.891457726153774,2.348636478060487
10013;Alibert - Jemmapes;60;48.8710440519842,2.366104461987773
17025;Chazelles - Courcelles;35;48.879406604954,2.3034455627202988
8050;Boétie - Ponthieu;33;48.871417284354834,2.307678759098053
14002;Edgar Quinet - Raspail;46;48.83940266673835,2.32971478253603
14020;Cimetière de Montrouge;58;48.822009,2.322188699
31102;Boissière - Etienne Dolet;21;48.876111,2.4677312
11030;Oberkampf - République;24;48.865316087070475,2.3761147849099955
5123;Saint-Germain - Thenard;31;48.850571,2.3471015
23009;Anatole France - Louise Michel;50;48.88873214926474,2.2881576418876652
16124;Route de Sèvres - Porte de Bagatelle;66;48.87525984132485,2.249415814876557
92003;Chanzy - Sud-Est;25;48.888912037698766,2.195632159709931
14001;Edgar Quinet - Gaité;27;48.84116092896631,2.32459545135498
20136;Henri Chevreau - Couronnes;27;48.87033205312931,2.388777695596218
11101;Charles Delescluze;49;48.85242200848887,2.380632497370243
11020;Belfort - Voltaire;39;48.8563358,2.3829901
13043;Dunois - Clisson;51;48.832294,2.3674523
9023;Laffitte - Italiens;33;48.871815737396304,2.337201547845077
15002;Maine - Antoine Bourdelle;17;48.84308531746595,2.320263946784738
20030;Ménilmontant - Père Lachaise;56;48.86328729150227,2.3869940266013145
15058;Place du Moulin de Javel;45;48.84021670922037,2.2716060653328896
21024;Billancourt - Général Leclerc;22;48.8322649,2.2380413
10163;Gare du Nord - Demarquay;30;48.881154,2.358411
8105;François 1er - Lincoln;31;48.86951797934417,2.302426218841562
17005;Brochant - Clichy;53;48.89032998912038,2.319730559929781
11012;Montreuil - Voltaire;34;48.85050701184191,2.393075558274471
21951;Place Centrale;22;48.78740167690531,2.2278830409049992
44103;Pont De Charenton;18;48.8179685,2.4199531
16014;Eylau - Trocadéro;24;48.863354122370744,2.2864209115505223
21203;Place Jules Ferry;28;48.812107928414775,2.325837314128876
15052;Convention - Vaugirard;48;48.83767682233156,2.295586926020252
31021;Résistance - Hoche;29;48.864273423741956,2.435784414410591
21031;Cimetière de Boulogne-Billancourt;40;48.830764,2.252024
43001;Paris - Laitières;22;48.84630274151258,2.4207553267478947
14010;Jean Moulin - Place Victor et Hélène Basch;41;48.82764910240992,2.326196730136872
22408;Place du 14 Juillet;22;48.8192669595252,2.30119988322258
33015;Charles Tillon - Cimetière Communal;30;48.91844023641836,2.3935630917549138
22015;Île de la Jatte;23;48.894036161302104,2.2666339203715324
18030;Joseph Dijon - Ornano;37;48.89374453351521,2.3476678133010864
4010;Saint-Antoine Sévigné;26;48.8550222,2.3612322
20044;Davout - Volga;28;48.852919679957296,2.410522909779111
15001;Gare Montparnasse - Arrivée;43;48.843827994314886,2.3225811123847966
10038;Place du Colonel Fabien;27;48.8775683208602,2.369879186153412
14135;Jourdan - Cité Universitaire;39;48.819897343156676,2.3397007964124366
3010;Beaubourg - Michel-le-Comte;17;48.862534941805855,2.354310303926468
13125;Gare d'Austerlitz - Pont Charles de Gaulle;55;48.842319830109304,2.3670300096273422
4101;Bastille - Beaumarchais;23;48.85383346385182,2.3685702681541443
2012;Choiseul - Quatre Septembre;44;48.8699355331869,2.3359975218772893
4015;Mairie du 4ème;44;48.85594991049653,2.3563823103904724
3007;Archives - Pastourelle;28;48.8623615,2.3595041
2022;Saint-Fiacre - Poissonière;35;48.87082891155797,2.3459213599562645
23206;Béranger - Félix Faure;28;48.80404828621485,2.2848263373723436
5027;Gobelins - Port-Royal;40;48.83713590026284,2.3515201359987254
34011;Clef des Champs - Albert Dhalenne;28;48.914938,2.330665
12119;Dom-Pérignon - Gravelle;50;48.82548157443457,2.4098803102970128
48006;Maxime Gorki - Paul Vaillant-Couturier;20;48.79673508795443,2.3683342337608337
10003;Hauteville - Bonne Nouvelle;17;48.87077436024043,2.349649636832728
17117;Pereire - Saussure;32;48.88822907547811,2.310129627585411
11028;Guillaume Bertrand - République;38;48.86382517434147,2.38090637715497
21107;Bertrand Sincholle - Henri Barbusse;23;48.89925982394349,2.3042294383049016
42027;Verdun - Pierre et Marie Curie;26;48.812822398263286,2.3707106709480286
41212;Nungesser - Santé;22;48.852335,2.448967
31303;Simone Signoret - Paris;28;48.903600624712865,2.465406596265139
21216;Louis Lejeune - Barbès;25;48.81807418981508,2.3267009854316716
13030;Italie - Tolbiac;21;48.82557229464416,2.3576171323657036
19027;Serrurier;18;48.8804934032465,2.39806417375803
18107;Chartres - La Charbonnière;34;48.8847601,2.3534657
20037;Gambetta - Saint Fargeau;24;48.871244610447015,2.4039056897163396
15109;Cevennes - Bergers;29;48.84240765130395,2.281037718057633
18022;Marcadet - Barbès;37;48.89045112096476,2.349057392968696
41404;Carnot - Pâquerettes;26;48.79592939432515,2.4261841177940373
25003;Henri Ste-Claire Déville - Paul Héroult;24;48.892663,2.172411
16038;Molitor - Chardon-Lagache;34;48.84520880183234,2.2656840831041336
16040;Exelmans - Michel-Ange;33;48.84309486651855,2.2597770800669053
9005;Square d'Anvers;33;48.882633484310816,2.344884406212207
42015;Place Jean Ferrat;25;48.8184945213025,2.3744174838066106
17007;Navier - Epinettes;36;48.89587780769155,2.3226776719093327
31012;Place Carnot;25;48.85593932186797,2.441531717777252
31702;Pierre et Marie Curie - Julien Grimau;18;48.870714014863225,2.424097023904324
10015;Lucien Sampaix - Récollets;46;48.874330377560476,2.3621229082345963
5026_Relais;Pascal - Claude Bernard;0;48.838669597915114,2.349754571914673
9115;Milton - Manuel;22;48.878249,2.341181
35014;Charles de Gaulle - Jean Lolive;26;48.8932644350857,2.4126765131950383
21310;Kléber - Gouverneur Général Eboué;24;48.826885843069796,2.2723413258790965
20016;Pyrénées - Maraîchers;19;48.85714001395299,2.4043509364128113
6032;Sabot - Rennes;26;48.852575112948415,2.331552766263485
7013;Duroc - Place de Breteuil;42;48.84746064114221,2.3126140236854558
2001;Greneta - Sebastopol;32;48.86524233322809,2.3516669869422917
11019;Charonne - Philippe-Auguste;32;48.85560316202584,2.390546390619984
6014;Pont de Lodi - Dauphine;23;48.855296898603285,2.339947307565249
4109;Mornay - Sully;15;48.84970399548416,2.364460788667202
3101;Porte Saint-Martin;35;48.86860172112996,2.35570102930069
21952;Place Tony de Graaff;42;48.8181645,2.2458109
8029;Place du Canada;39;48.865346269362675,2.310193787964762
35004;Place du Président Salvador Allende;60;48.897307310356055,2.40079153681279
13020;Paul Klee - Place Augusta Holmes;43;48.838946417408025,2.3704235663952966
6024;Saint-Germain-des-Prés;26;48.85418510815204,2.330305874347687
21028;Pierre Lefaucheux - Traversière;35;48.82435208303827,2.2417913004755974
13011;Hôpital - Campo-Formio;16;48.835405,2.358218
21204;Estienne d'Orves - Henri Ginoux;31;48.815388220397274,2.320886790760933
16011;Victor Hugo - La Pompe;41;48.86795222470859,2.28146318346262
17107;Berthier - Place Stuart Merril;37;48.885927922355044,2.2933450341224675
15311;Quai du Président Roosevelt - Pont Aval;30;48.8343883676388,2.2656820714473724
17119;Toqueville - Cardinet;33;48.88490187110713,2.3109393194317818
12005;Crozatier - Faubourg Saint-Antoine;29;48.8504400134045,2.37890136621104
12155;Rottembourg - Général Michel Bizot;43;48.83787825992554,2.4044052511453633
15129;Hôpital Necker;40;48.846043490118454,2.313245013356209
6010;Chevreuse - Montparnasse;15;48.841739161230905,2.331552216736739
13005;Cordelières - Arago;46;48.83548071896613,2.348572461702221
10009;Mairie du 10ème;19;48.87208944990723,2.357582598924637
2005;Montmartre - Etienne Marcel;16;48.865021945810085,2.345068440144759
3012;Square Emile - Chautemps;25;48.86743372423056,2.353635728359223
3006;Mairie du 3ème;32;48.86446178139141,2.361762821674347
42211;Séminaire de Conflans - Liberté;26;48.823194,2.404179
21509;Gardenat Lapostol - Franklin Roosevelt;24;48.871839,2.222505
3002;Saint-Gilles - Turenne;18;48.85815895677863,2.364714992099186
23101;Grande Rue - Europe;25;48.8218104687602,2.205879874527455
48008;Guy Môquet - Parvis Georges Marchais;30;48.79518840095975,2.35943466424942
2109;Réaumur - Montmartre;19;48.86823099975891,2.343826033887573
23301;Les Blagis;27;48.785205,2.302526
10166;Strasbourg - Saint-Denis;16;48.86960164243346,2.35429085791111
18010;Riquet - Marx Dormoy;29;48.89021003702031,2.3601756244897842
15041;Franquet - Labrouste;37;48.83287705011431,2.306762784719467
13120;Pierre Joseph Desault;19;48.82110230800372,2.378775402903557
21021;Enfants du Paradis - Peupliers;40;48.83312268645377,2.2571459412574773
20106;Mairie du 20ème;27;48.86530232427545,2.3990669846534733
18018;Carpeaux - Place Jacques Froment;19;48.8906542,2.3309428
16022;Jean Bologne - Passy;19;48.857566889784465,2.280027395306772
21033;Sèvres - Maréchal Juin;18;48.8324305,2.2292812
10028;Gare du Nord - Dunkerque;29;48.88042350842878,2.3527636751532555
16140;Hippodrome de Longchamp;30;48.86413226532,2.239905372262
9029;Saint-Lazare - Place d'Estienne d'Orves;39;48.8768345,2.3329067
32023;Guy Môquet - Jean Moulin;30;48.940931521020836,2.363948999931771
9035;Gare Saint-Lazare - Place de Budapest;44;48.877753,2.327339
26009;Marceau Delorme - Pierre Brossolette;28;48.91206062860357,2.295897423568745
8103;Artois - Berri;23;48.87393521240818,2.3064258322119713
18111;Félix Ziem - Armand Gauthier;25;48.88949630486821,2.333393658804396
9106;Boudreau - Auber;14;48.87219,2.329423
17040;Pereire - Ternes;48;48.87973954830735,2.288012132048607
5020;Institut du Monde Arabe - Saint-Germain;40;48.84906329950134,2.3558086529374123
12111;Claude Decaen - Cannebière;27;48.83761417037952,2.397253782195704
6006;Notre-Dame-des-Champs - Stanislas;19;48.84479928858768,2.329337755887181
18003;Cimetière de Montmartre;43;48.886472466141925,2.3328901827335358
12114;Victor Hugo - Jeanne Jugan;28;48.843949064031825,2.415081394834419
46003;Conservatoire de Musique;25;48.77093586667601,2.4034014344215398
18031;Place Albert Kahn;46;48.8957969797804,2.345585584134864
44013;Edouard Tremblay - Julian Grimau;30;48.78138382511671,2.3723508417606354
14012;Sibelle - Alésia;25;48.826701758539215,2.3384983465075493
41202;Gare Rer de Fontenay sous Bois;61;48.8436279,2.4630465
1119;Cossonnerie - Sébastopol;24;48.86132665908402,2.349419631063938
17031;Place de la Porte de Champerret;28;48.88561741628322,2.290781411279206
41601;Général De Gaulle - Alouette;26;48.839109,2.4175664
14110;Abbé Carton - Plantes;25;48.827673823165846,2.320918142795563
11024;Mairie du 11ème;51;48.858925,2.3789759
22006;Pierret - Madrid;28;48.882976576876565,2.260125767248034
5006;Saint-Jacques - Soufflot;19;48.8465255,2.343099
8035;Bienfaisance - Place de Narvik;36;48.87660163459077,2.3129771277308464
15010;Square Cambronne;59;48.847566545259745,2.3025691509246826
20119;Square des Saint-Simoniens;25;48.8701796,2.3967273
10005;Petites Ecuries - Faubourg Poissonnière;18;48.87397217237368,2.348388757504776
5026;Pascal - Claude Bernard;49;48.839061952159746,2.3499782010912895
21111;Professeur René Leriche - Général Leclerc;50;48.90782845483013,2.307887971401215
13016;Primo Levi - Frigos;34;48.83094844846017,2.37965351592796
21003;Jean Jaurès - Jean Baptiste Clément;24;48.84576261454011,2.2369650006294255
32001;Proudhon - Président Wilson;30;48.90644276349534,2.3584905266761784
6017;Sénat - Condé;33;48.84954227788459,2.337939441204071
8056;Beaujon - Wagram;29;48.87535245598514,2.2964416444301605
20017;Saint-Blaise - Mouraud;27;48.85696177597818,2.40869477391243
8015;Roquépine - Malesherbes;37;48.87345073390807,2.320404499769211
23302;Parc de Sceaux - Centre-Ville;33;48.7769529826096,2.2957214713096623
11103;Pelée - Alphonse Baudin;38;48.8600265,2.3710541
10017;Gare de l'Est - Fidélité;15;48.874575,2.356796
5107;Pontoise - La Tournelle;23;48.85045800918843,2.352454275492188
16101;Malakoff - Place de la Porte Maillot;31;48.876733496637506,2.2834577411413193
12043;Daumesnil - Hébrard;40;48.8429,2.38474
19108;Gaston Tessier - Rosa Parks RER;37;48.8963765,2.3743692
11102_relais;Alexandre Dumas - Voltaire;0;48.85307192707659,2.388419955968857
18007;Goutte d'or - Barbès;20;48.88512432362698,2.349696233868599
17111;Lemercier - Cardinet;24;48.890097168851746,2.317377626895905
15071;Suffren - Champ de Mars;23;48.8547194,2.2952168
15102;Square Bela Bartok;24;48.85120156830401,2.2846536710858345
2108;Vivienne - Montmartre;39;48.8713475973833,2.341458834707737
4019;Cloître Saint-Merri - Renard;32;48.85883544889818,2.351827919483185
15127;Place Charles Michels;37;48.846401,2.28502
6002;Saint-Benoît - Jacob;23;48.85545136013941,2.3334722220897675
16019;Porte de la Muette;36;48.86302317841182,2.2687188170157406
12036;Reuilly - Place Felix Eboue;42;48.84030274499962,2.394630398715453
4006;Bourdon - Pont Morland;0;48.8478103,2.3659356
18139;Poissonniers - Championnet;28;48.89543299733937,2.3530178144574165
15128;Cadix - Hameau;37;48.8340107632249,2.289516180753708
21309;Mairie d'Issy;41;48.8237677924683,2.27231115102768
1007;Turbigo - Française;16;48.86358858111446,2.3477794602513313
19002;Centquatre;42;48.88933353845543,2.3707854375243187
19201;Petit - Georges Thill;23;48.88603131999171,2.3895753175020222
10011;Bourse du Travail;17;48.868976638825686,2.362343855202198
23702;Hôtel de Ville de Chaville;20;48.80887149094033,2.188134044408798
1017;Saint-Honoré - 29 juillet;20;48.86557114282421,2.330567417577153
48007;Parc Départemental des Hautes-Bruyères;30;48.793457901398945,2.3509012162685394
16010;Belles Feuilles - Place de Mexico;23;48.86580474647378,2.282920628786087
6015;André Mazet - Saint-André des Arts;55;48.85375581057431,2.3390958085656166
8040;Pierre Charron - Champs-Elysées;32;48.870103359864174,2.3043501377105713
13116;Place du Docteur Yersin;50;48.82010494991975,2.3725583776831627
35013;Guillaume Tell - Parc Henri Barbusse;20;48.88958925894009,2.4198862910270695
31105;Lavoisier - Missak Manouchian;18;48.86286468896063,2.495676465332508
17110;Legendre - Nollet;30;48.887742186754224,2.320293079881375
21207;Verdier - République;29;48.81540376627718,2.3173937201499943
10031;Louis Blanc - Aqueduc;37;48.88203018259946,2.3635615780949593
15113;Arsonval - Falguière;25;48.84040040365445,2.313117867297474
13023;Bobillot - Moulin des Prés;28;48.828657346203094,2.353020646316964
17036;Place Tristan Bernard;28;48.8791964,2.2915403
10001;René Boulanger - Lancry;62;48.8685433,2.3600032
7007;Musée d'Orsay;65;48.85972615790874,2.325860448181629
8004;Malesherbes - Place de la Madeleine;67;48.87040602848252,2.323243509807989
4104;Sebastopol - Rambuteau;16;48.861818092669864,2.3501381278038025
17038;Grande Armée - Brunel;62;48.876116,2.288124
47007;Liberté - Vert-de-Maisons;20;48.79014780960843,2.43286281824112
8053;Place Georges Guillaumin;29;48.874750203956566,2.301771435325988
33017;Anatole France - President Roosevelt;29;48.9155156,2.3814103
44006;Concorde - Stalingrad;35;48.7985844,2.3821302
19120;Carducci - Place Hannah Arendt;27;48.877436681515796,2.3860743641853337
10024;Buisson Saint-Louis - Saint-Maur;19;48.87174684930295,2.3722528328789854
15110;Place Robert Guillemard;24;48.836191728066666,2.2811267160086417
14136;Auguste Cain - Jean Moulin;40;48.82577028927573,2.3210415244102482
10014;Marseille - Beaurepaire;55;48.871624306962985,2.3639265082738348
46001;Place Paul Eluard;19;48.7672039733195,2.4144977331161503
21301;Saint-Vincent - Verdun;34;48.819211549234495,2.254007756710053
12009;Charenton - Diderot;18;48.84617146118711,2.3793068155646324
12027;Montgallet - Charenton;16;48.84264777870052,2.386164927813738
22505;Mairie de La Garenne Colombes;22;48.90663823468682,2.24679596722126
13045;Jean Colly - Tolbiac;36;48.827817291597846,2.3705490678548813
7009;Assemblée Nationale;63;48.86141101465194,2.320121418520769
21109;Guichet - Jean Jaurès;28;48.905169868129036,2.3023840785026555
8012;Batignolles - Place de Clichy;47;48.88347453575669,2.326493114233017
15038;Place Adolphe Cherioux - Vaugirard;63;48.83959442800459,2.3010657727718353
16021;François Ponsard - La Muette;23;48.8583666,2.2744515
21001;Transvaal - Charles de Gaulle;27;48.848280403628806,2.2373420120857195
8019;Naples - Rome;26;48.879960700846226,2.321358695626259
4110;Neuve Saint-Pierre - Beautreillis;20;48.85355351439652,2.3639122769236565
17022;Pereire - Place de Wagram;46;48.887070607581215,2.304111124531457
7020;Champ de Mars - Cler;41;48.856691550115315,2.306646779179573
21311;Parvis Corentin Celton;55;48.82747252522725,2.2784319519996648
4011;Hôtel de Ville - Pont-Marie;36;48.85389964552738,2.356947250664234
17016;Brochant - Square des Batignolles;31;48.88818698581028,2.316861143151153
19031;Manin - Crimée;23;48.8831217743719,2.3863670602440834
31018;Gambetta - Michelet;33;48.85273792380526,2.429966032505036
2110;Jeûneurs - Mulhouse;28;48.868997,2.346925
20103;Le Vau - Maurice Bertaux;25;48.86803439043193,2.411030612453627
35008;Place de l'Eglise - Pantin;30;48.892809461520265,2.4124351143836975
22401;Charles de Gaulle - Plateau de Vanves;33;48.82233088973263,2.298571803412886
18142;Jessaint - Marx Dormoy;30;48.88484543106364,2.358930408954621
21017;Place Marcel Sembat;56;48.83328865030686,2.2441747784614567
48009;République - Auguste Perret;30;48.78695280952244,2.3518594354391094
31026;Demi-Lune - Aristide Briand;20;48.87626381919953,2.4562818557024
19025;Botzaris - Crimée;21;48.87959698690176,2.3887913337477067
20039;Belleville - Couronnes;50;48.86883108287741,2.380986213684082
17039;Place Saint-Ferdinand;38;48.87815529789739,2.288518047864942
42003;Place de l'Insurrection d'Août 1944;30;48.81477852751594,2.398074567317963
16030;Place de Barcelone - Mirabeau;55;48.84762302736417,2.2735664248466496
16020;Place de la Porte de Passy;36;48.857341095470794,2.2644165538827115
8549;George V - Christophe Colomb;24;48.87046,2.30104
11021;Charonne - Pierre Bayle;23;48.858445054261914,2.39039812238911
8037;Monceau - Malesherbes;38;48.8795079,2.3145456
27004;Gare de la Garenne-Colombes;28;48.909752,2.239145
17108;Bessières - Porte de Clichy;33;48.89611762451474,2.31790903955698
1021;Halles - Bourdonnais;20;48.86044899257468,2.3460162431001663
9006;Dunkerque - Trudaine;16;48.88215166773376,2.3463253676891327
31005;Square Denise Buisson;45;48.8562322730982,2.426436245441437
8116;Champs-Elysees - Bassano;25;48.87181180781605,2.3002389818429947
15039;Abbé Groult - Convention;12;48.83596927866069,2.302064039509349
2112;Bibliothèque Nationale - Richelieu;17;48.868288993515,2.3380893096328
9007;Condorcet - Turgot;20;48.87985155789093,2.345232367515564
33103;Jean Jaurès - Jules Jacquemin;24;48.88433053604843,2.4082902455152104
15008;Sèvres - Lecourbe;62;48.8447677,2.3110086
1006;Grande Truanderie - Saint-Denis;33;48.8626302,2.3498075
16013;Mairie du 16ème;35;48.863936848471994,2.2765953093767166
6104;Herschel - Observatoire;37;48.84342376221923,2.3376645147800446
4007;Place de la Bastille - Bourdon;35;48.852364355271085,2.368108928203583
2102;Saint-Marc - Feydeau;37;48.870310661421705,2.341979183256626
10202;Bichat - Grange aux Belles;30;48.873688,2.365015
18135;Ney - Porte de Montmartre;24;48.897918,2.3364872
18021;Marcadet - Ramey;21;48.890875,2.3449019
20013;Alexandre Dumas - Place de la Réunion;45;48.85533710742046,2.3997703687646292
11018;Saint-Maur - République;38;48.86418586145509,2.378317415714264
12039;Général Michel Bizot - Claude Decaen;38;48.83481262982544,2.400927788127704
44009;Gare RER les Ardoines;49;48.78385636346727,2.407909371747126
18047;St-Ouen - Lamarck;45;48.891083040295555,2.326735694839291
22005;Charles de Gaulle - Madrid;22;48.884432270367995,2.2608044743537907
17127;Porte de Clichy - Place des Nations Unies;40;48.896737263309504,2.310542999196392
20143;Ramponeau - Belleville;44;48.871031137596006,2.3790568521139748
17044;Porte de Saint-Ouen - Bessières;42;48.89792240854517,2.32851451022192
16138;Saint-Cloud - Hippodrome;30;48.85772148887421,2.2549109905958176
8048;Marceau - Chaillot;21;48.86883394989261,2.2989967837929726
17008;Porte Pouchet-Bessières;23;48.8978765,2.3230632
10107;Gare du Nord - Hôpital Lariboisière;49;48.881949,2.352339
11027;Saint-Ambroise - Parmentier;38;48.86214784454763,2.3772348091006275
11002;Roquette - Thiéré;23;48.85507930579506,2.3733686318721463
16039;Exelmans - Versailles;49;48.84097491091973,2.264390252530575
18028;Championnet - Vauvenargues;33;48.89401874744574,2.3319872841238976
7101_Relais;Raspail - Chomel;0;48.85268431541086,2.326505519449711
20115;Louis Lumière - Porte de Bagnolet;20;48.86431136000005,2.4105210229754443
11105;Parmentier - République;50;48.8644954,2.3750124
22003;Beffroy;26;48.886591074487995,2.261394560337067
19022;Marché Secrétan;26;48.88125496379482,2.373463287949562
21110;Parc Roger Salengro;35;48.905303858641844,2.310559451580048
23001;Paul Vaillant Couturier - Chaptal;39;48.89347957618252,2.277525365352631
35019;Anatole France - Jean Lolive;28;48.8949922,2.4253764
8102;Lamennais - Washington;26;48.87352990026496,2.303444892168045
17027;Place du Maréchal Juin - Péreire;46;48.885263,2.298286
31016;Lucie Aubrac - Franklin;36;48.86223916006812,2.4435862898826604
12001;Bastille - Biscornet;62;48.851355779579,2.369220033288
47006;Les Planètes;16;48.8099849920804,2.4580853059887886
10020;Chabrol - d'Hauteville;11;48.87701838803332,2.3513179644942284
12041;Bois de Vincennes.;60;48.8338064,2.4132221
18138;Ney - Charles Hermite;20;48.89874803977525,2.3645754531025887
7101;Raspail - Chomel;49;48.852233164303094,2.3266580700874333
1022;Danielle Casanova - Place Vendôme;37;48.86826649822326,2.3304839059710503
14125;Dareau - Broussais;24;48.8307758,2.3361804
20004;Commandant l'Herminier - Gallieni;17;48.847040552603,2.4160453677177
17001;Guy Môquet - Saint-Ouen;53;48.892777719023975,2.3270335793495183
35011;Honoré d'Estienne d'Ovres - Grilles;18;48.89056394743836,2.4064831843792427
13027;Mazagran - Pierre de Coubertin;15;48.816218640260445,2.344226874411106
42304;Marc Sangnier - Division Leclerc;24;48.78599652305309,2.329955510795116
21316;Cimetière d'Issy-les-Moulineaux;24;48.81769977392539,2.260931208729744
17033;Carnot - Général Lanrezac;30;48.8754438707356,2.2938242935035684
32011;Stade de France;44;48.919141953558054,2.362065576016903
44007;Camille Groult - Guy Môquet;22;48.787482746521306,2.3976725712418556
6008;Assas - Luxembourg;33;48.84373446877937,2.333428381875887
10105;Mazagran - Bonne Nouvelle;25;48.870047123655254,2.351124845445156
35001;Jean Jaurès - Ouvrières Pivéreuses;20;48.91042343752563,2.399576604366303
31007;Paris - Désiré Préaux;49;48.85742876694898,2.4323049187660217
13032;Italie - Jardin Joan Miro;26;48.81990914045756,2.3592948541045193
41101;Paul Doumer - Stalingrad;24;48.806518992198676,2.3368880152702336
4020;Place Edmond Michelet;23;48.860134890541865,2.350063696503639
35006;Delizy - Louis Nadot;22;48.896212845581346,2.4094578623771667
12018;Saint-Mandé - Fabre d'Eglantine;34;48.8453579,2.3965022
44005;Place Saint-Just;22;48.790379518724265,2.3895226791501045
9004;Gérando - Rochechouart;21;48.88294340844958,2.346484623849392
15036;Croix Nivert - Square Saint-Lambert;47;48.8430515215905,2.295200452208519
42505;Charles Frérot - Albert Guilpin;30;48.8155839183714,2.3505029082298283
22306;Place du 17 Octobre;20;48.91962690034779,2.2978286134199792
22504;Château - République;20;48.905928,2.253629
9111;Victoire - Laffitte;20;48.87514373494672,2.338118505144376
1012;Jean-Jacques Rousseau - Deux Ecus;22;48.86297805972131,2.3414635285735126
13038;Choisy - Malmaisons;25;48.821919702956144,2.3633468834070914
42004;Westermeyer - Paul Vaillant-Couturier;25;48.819116181578764,2.3966637253761296
1024;Coquillière - Louvre;21;48.86379590966231,2.3425736278295517
17020;Jouffroy d'Abbans - Malesherbes;27;48.8850134,2.3070717
45004;République - Louis Loucheur;37;48.823549261189,2.5101865455508
21002;Place Denfert-Rochereau;20;48.843252536286684,2.245987951755524
41103;Place de la vache noire;25;48.81040517059777,2.327060401439667
21027;Fief - République;25;48.83170888166024,2.255771979689598
19018;Cité de la Musique;60;48.888796556487385,2.3925811931922163
22507;Châteaudun - Place de la Liberté;26;48.90970830301211,2.2454486480600626
26008;Henri Barbusse - Bourguignons;34;48.91301722799713,2.2734212270774417
11104;Charonne - Robert et Sonia Delauney;20;48.85590755596891,2.3925706744194035
18134;Ney - Porte de Clignancourt;25;48.8978867,2.3458001
7018;Ségur - d'Estrées;19;48.85141997898257,2.3097044974565506
31103;Gare Rosny-Bois-Perrier;36;48.88115023337061,2.480436824262142
26002;Redoute - Les Courtilles;32;48.92986719451888,2.283669635653496
22202;Jean Marin Naudin - Stalingrad;30;48.805713897355375,2.320202328264713
41209;Cimetière de Fontenay-sous-Bois;15;48.84706173362218,2.4787822365760808
22406;Guy Môquet - Etienne Dolet;23;48.81527009991819,2.298078276995073
14124;David Weill - Parc Montsouris;22;48.821092374256104,2.333725690841675
31008;François Debergue - Croix de Chavaux;57;48.857421708072074,2.437578141689301
15103;Cauchy - Cévennes;51;48.8433725710224,2.275132834911347
17125;Marie-Georges Picquart - Pereire;32;48.88863669349711,2.3111706599593163
11042;Grand Prieuré - Crussol;49;48.86466062793517,2.369226553182906
19125;Place de l'Édit de Nantes;30;48.88879,2.3785
28001;Richard Wallace - Place du 8 Mai 1945;30;48.87866794788021,2.2420343756675725
7015;Varenne;47;48.8572026618033,2.315277121961117
8055;Courcelles - Place des Ternes;31;48.878199928923124,2.2992860188665043
23701;Parvis Robert Schuman - Roger Salengro;24;48.812657470558754,2.1921751275658607
5002;Sommerard - Saint-Jacques;34;48.850310432924466,2.345015835298588
18005;Tardieu - Chappe;18;48.88414675978186,2.3418454080820084
15028;Grenelle - Dr Finlay;71;48.851315406715976,2.2919502854347233
13102;Pitié-Salpêtrière;51;48.83748810318667,2.365213818848133
19009;Cité des Sciences et de l'Industrie;30;48.89659571178903,2.384599149227142
18033;Belliard - Damrémont;34;48.89669238777841,2.338023450388167
16043;Place de Passy;15;48.85780291711202,2.277500546942199
23008;Hôtel de Ville de Levallois Perret;26;48.89314451997415,2.2888818383216862
22002;Argenson - Château;25;48.888559314669514,2.2642001509666447
13021;Boussingault - Tolbiac;28;48.82603516605852,2.342176808004326
31707;Edouard Vaillant - Galliéni;49;48.85846288166117,2.4147954583168034
12150;Bastille - Quai de la Rapée;27;48.84682410855044,2.366936467587948
10153;Gare du Nord - Denain;20;48.879595787608096,2.3544725775718693
44002;Paul Vaillant-Couturier - Gare RER;26;48.80108159069614,2.402097210288048
20009;Docteurs Déjérine - Pte de Montreuil;20;48.85398448133697,2.41208288897222
42305;Vanne - Saussaies;20;48.786404,2.338848
13033;Porte d'Italie;13;48.817161987718954,2.360236309468746
11038;Temple - Charlot;45;48.86570934379584,2.365273725072355
18006;Square Louise Michel;36;48.88468735450907,2.3441386967897415
41205;Maréchal Joffre - Verdun;20;48.85385,2.470307
18041;Rochechouart - Martyrs;20;48.88219377957169,2.3405495658516884
32601;Porte des Lilas - Faidherbe;39;48.87861855668978,2.4120327830314636
92006;Place Nelson Mandela;30;48.897874318180556,2.2182820737361912
20015;Bagnolet - Orteaux;36;48.85708641027236,2.3984125256538396
15006;Cherche-Midi - Hôpital Necker;38;48.84461063309956,2.317914068698883
23102;Hôtel de Ville de Sèvres;32;48.824363561288756,2.2131047397851944
13052;Leredde - Tolbiac;44;48.828876296639876,2.374438270926476
11001;Richard Lenoir - Place de la Bastille;53;48.8538327,2.3697222
13118_Relais;Regnault - Patay;0;48.82430528706676,2.3763057589530945
20008;Pyrénées - Avron;32;48.853246898211985,2.405871044529538
20024;Gambetta - Père Lachaise;29;48.864295696165875,2.398228667282044
41405;Place de l'Europe - Alfortville;24;48.78913702405837,2.4284800887107854
21506;Maurice Payret-Dortail;22;48.87811957063342,2.2233625128865246
13017;Nationale - Vincent Auriol;33;48.83252708397293,2.362354410392119
31001;Lagny - Auguste Blanqui;27;48.84922568052601,2.4218603968620305
41208;Alouettes - Maréchal de Lattre de Tassigny;22;48.85511009293948,2.4930700287222862
42704;Mairie du Kremlin-Bicêtre;25;48.81191981537702,2.3570189997553825
13054;Pau Casals - Neuve Tolbiac;53;48.8311602,2.3774395
15040;Saint-Amand - Labrouste;36;48.834097274832295,2.3087677359581
42018;Amédée Huon - Fort d'Ivry;31;48.805131376899986,2.388489693403244
22603;Place de la Division Leclerc;35;48.793824988636516,2.2731140430551027
2020;Danielle Casanova - Opéra;20;48.867643242297284,2.3333894088864326
20048;Bagnolet - Place Saint-Blaise;28;48.85973,2.40334
42022;Gare RER - Maurice Grandcoing;37;48.813881,2.392429
42303;Place Eustache Deschamps;20;48.793855,2.336637
41605;Général De Gaulle - Vivien;22;48.83607420090204,2.4189166724681854
6025;Assas - Rennes;32;48.8492084999386,2.32851454623001
20014;Charonne - Alexandre Dumas;35;48.85607741505607,2.394869327545166
7010;Constantine - Université;65;48.860680473738334,2.314848195584221
31701;Mairie de Bagnolet;28;48.868421318555306,2.417958788573742
12017;Saint-Mandé - Docteur Arnold Netter;39;48.84462585769668,2.404946386814118
9104;Caumartin - Provence;22;48.874422773426545,2.3284685611724854
13007;Le Brun - Gobelins;48;48.835092787823875,2.353468135133752
6021;Beaux-Arts - Bonaparte;20;48.856451985395786,2.334851883351803
7004;Raspail - Varenne;18;48.85314781654488,2.3263905197381973
44017;Jules Guesde - Pont du Port à l'Anglais;30;48.79628807093802,2.417212128639221
17043;Belidor - Gouvion-Saint-Cyr;39;48.88022154052015,2.2854680567979813
11113;Richard Lenoir - Republique;58;48.8667175,2.3692541
19044;Grands Moulins de Pantin;50;48.89738369720229,2.3959985375404362
15104;Hôpital Européen Georges Pompidou;64;48.83769531916335,2.275374233722687
18046;Etienne Jodelle - Saint Ouen;33;48.88794016394694,2.326124420314341
21005;Hôtel de Ville de Boulogne Billancourt;26;48.83495885166784,2.2416803240776066
15133;Saint Lambert - Blomet;27;48.83659148147257,2.2930556908249855
21015;Nationale - Place Jules Guesde;23;48.82753962462998,2.2416052222251897
15034;Lakanal - Commerce;53;48.84442462786544,2.294059172272682
18009;Jean-François Lépine - Stephenson;22;48.88611466796807,2.356855627529275
32302;Chemin Vert - Fraternité;20;48.877141208359035,2.4461565166711807
9032;Mathurins - Auber;36;48.872988840743595,2.3294984212276404
20111;Villiers de l'Isle Adam - Pyrénées;20;48.867362,2.396222
43003;Hôpital Bégin;26;48.84571672113014,2.4272462725639348
32303;Gaston Roussel - Commune de Paris;30;48.89432034553156,2.432552274419542
21313;Guynemer - Séverine;26;48.83091743371036,2.2790706530213356
11115;Montreuil - Gonnet;24;48.85050056492107,2.389085628786445
32602;Mairie des Lilas;47;48.8792834,2.4160182
43402;Place de Verdun;40;48.8202823,2.473775
19115;Porte de la Villette;27;48.89835196548483,2.386150136590004
32010;Place aux Étoiles;40;48.91835629408464,2.3523425683379173
21403;Gare de Clamart;14;48.81383535598703,2.272278964519501
12032;Porte Dorée;36;48.8354337,2.4077132
16004;Université Paris Dauphine;0;48.870707839985386,2.2748656198382378
6030;Assas - Vaugirard;35;48.848274111397586,2.3292413726449013
47005;Ecole Vétérinaire;36;48.81488859822486,2.4224362157778994
19127;Aubervilliers - Curial;23;48.89088305227546,2.3688579350709915
14112;Méchain - Faubourg Saint-Jacques;16;48.83586772099485,2.33798034198275
32015;Gare RER de Saint-Denis;40;48.93554324248177,2.3471488058567047
1120;Lavandieres Sainte Opportune - Rivoli;27;48.85927970247607,2.3466217517852783
8001;Petit Palais;43;48.8667692,2.3157655
12161;Diderot - Reuilly;44;48.84720845606067,2.3861273378133774
15107;Palais des Sports;22;48.83346851742578,2.2858720645308495
7016;Surcouf - Université;58;48.861273016278126,2.309453550914185
14006;Saint-Jacques - Tombe Issoire;23;48.833206330538864,2.3369108140468597
9015;Lamartine - Faubourg Montmartre;32;48.87661398289084,2.339765690267086
12033;François Truffaut - Saint Emilion;66;48.83372354344807,2.386601903271428
21009;Le Corbusier - Jean Jaurès;46;48.83780830557548,2.2408381104469304
22403;Pierre Brossolette - Adolphe Pinard;24;48.82177227954821,2.313155829906464
13117;Stade Georges Carpentier;40;48.82048243838136,2.366832196712494
17029;Pierre Demours - Laugier;37;48.8813072,2.294846
22008;Charles de Gaulle - Graviers;28;48.88315175918637,2.2648814320564274
18027;Damrémont - Ordener;30;48.893400392981874,2.336266523912805
4001;Arcole - Notre-Dame;31;48.85388354132773,2.3493797332048416
4002;Marché aux fleurs;23;48.85525811539143,2.3473754525184636
42209;Place de l'Europe - Quai de Bercy;17;48.82529858840266,2.3945679143071175
43010;La Jarry - Place Diderot;25;48.849726940367326,2.452013790607453
6027;Blaise-Desgoffe - Vaugirard;32;48.84612887774711,2.324267216026783
5115;Buffon - Jardin des Plantes;30;48.842668466104875,2.3618587106466293
33014;Parc Eli Lotar;20;48.91844993053703,2.3727085813879967
16105;Crevaux - Bugeaud;31;48.870809428669546,2.281149007691853
48004;Maxime Gorki - Louis Aragon;20;48.78909814728443,2.368387877941132
16042;Murat - Porte de Saint-Cloud;38;48.83750862621299,2.2577651962637906
47003;Charentonneau - Maisons Alfort;20;48.809932980484355,2.443288456496946
20029;Frères Flavien - Porte des Lilas;23;48.8780992764359,2.41104629853209
3009;Temple - Haudriettes;19;48.861636880211584,2.356696020645806
3003;Fille du Calvaire - Turenne;29;48.86210505412563,2.3649600148200993
16044;Porte de Saint Cloud - Parc des Princes;32;48.83866275706582,2.2525164484977727
2008;Mairie du 2ème;28;48.8672190355135,2.3404625437747044
2009;Filles Saint-Thomas - Place de la Bourse;58;48.86889989085307,2.3397543845203477
12157;Fabre d'Eglantine - Place de la Nation;68;48.8471116,2.3956204
18112;Arthur Ranc - Hôpital Bichat;26;48.8978712500682,2.333521842956543
19118;Simon Bolivar - Henri Turot;22;48.876887,2.374454
25007;Bons Raisins - Voltaire;24;48.87282451461399,2.1947155570850896
42024;Danielle Casanova - Ledru-Rollin;28;48.815783497876815,2.383259721100331
11111;Léon Frot - Charonne;19;48.854963800335234,2.387217085372007
20110;Gambetta - Tourelles;20;48.87533790226418,2.4059921130537987
20020;Pyrénées - Charles Renouvier;29;48.86095933229224,2.400421852042113
15045;Porte de la Plaine;35;48.82805169605981,2.2924277186393742
6028;Quatre Vents - Carrefour de l'Odéon;37;48.851751374458864,2.338161695134053
16023;Passy - Place du Costa Rica;33;48.8584893,2.2839655
16104;Paul Valery - Victor Hugo;35;48.87137406080164,2.2887128591537476
13037;Ivry - Baudricourt;20;48.824695995415006,2.363106073577468
12105;Bercy - Villot;34;48.841795009027,2.3767850184816
6003;Saint-Sulpice;21;48.85165383178419,2.3308077827095985
33006;André Karman - République;31;48.91039875761846,2.3851355910301213
43002;Lagny - Victor Basch;26;48.84884147189881,2.426325418925233
5005;Gay Lussac - Saint-Jacques;24;48.844730256132095,2.341923944866407
43401;Gare RER - Canadiens;45;48.81995307955795,2.464176752459464
43008;Fontenay - Libération;25;48.84780306364685,2.445141971111298
14138;Porte de Vanves;32;48.82801284944511,2.3056878894567485
8017;Rocher - Laborde;65;48.87590240712654,2.322616316378116
14106;Marc Sangnier - Porte de Vanves;21;48.825218683556734,2.3107116669416428
17105;Place Madeleine Daniélou;42;48.883498,2.282015
22016;Charles de Gaulle - Sablonville;26;48.87991924860035,2.2763770446181297
8025;Miromesnil - La Boétie;35;48.87372241291653,2.315848097205162
15013;Volontaire - Lecourbe;31;48.8435137879902,2.3065522313117985
42301;Gare Arcueil - Cachan;26;48.799824,2.328171
20121;Boyer - Ménilmontant;19;48.86889516267913,2.3919824145634565
11036;Jules Ferry - Faubourg du Temple Paris;58;48.868397,2.3678933
18110;Departement - Pajol;19;48.886674849730184,2.3613611608743668
16121;Jardin d'Acclimatation;33;48.878772242510465,2.270772233605385
5021;Jussieu - Fossés Saint-Bernard;39;48.84718551002347,2.3534858599305153
17042;Porte Maillot - Pereire;52;48.877775,2.284444
16129;Ceinture du Lac Inferieure - Saint-Cloud;42;48.86218070933143,2.2617871686816216
13104;Gare d'Austerlitz - Quai Saint-Bernard;27;48.84369030864,2.3657163977623
21308;Bara - Henri Farman;36;48.833218027457846,2.2677567601203923
23002;Pont de Levallois-bécon;50;48.8984179,2.2791311
15055;Vasco de Gama;54;48.83671783466264,2.283664085650799
12011;Charenton - Place du Col Bourgoin;35;48.84486731955409,2.382578935054453
21019;Edouard Vaillant - Paul-Adolphe Souriau;28;48.83484585882868,2.2479459643363957
6107;Place Alphonse Deville;23;48.85018826266191,2.3275961726903915
41204;République - Danton;20;48.85249172181667,2.462034523487091
15070;Balard - Montagne de la Fage;36;48.83850740333351,2.2782871127128606
16029;Maison de Radio - France;47;48.85132886434057,2.277785539627075
13103;Hôpital Pitié Salpêtrière;50;48.8377016,2.3604946
13122;Parc de Choisy;25;48.828156251574946,2.358513532903332
32603;Calmette;32;48.88104925098552,2.424993216991425
13113;Vistule - Choisy;33;48.82365543660611,2.3615723848342896
1016;Thérèse - Opéra;25;48.86648351450895,2.334433421223788
21108;Mairie de Clichy;51;48.903653634660834,2.3059353232383732
12129;Bois de Vincennes - Porte Jaune;35;48.838751246689455,2.4605489149689674
8011;Clapeyron - Moscou;15;48.88078819514121,2.324815057218075
19036;Hôpital Robert Debré;33;48.88005222200894,2.4008650346327003
15125;Parc Suzanne Lenglen;52;48.833250690537874,2.2765403240919113
21118;Neuilly - Petit;16;48.898965361341254,2.29627937078476
21029;Cours de l'Ile Seguin - Parc Billancourt;29;48.82714055843935,2.234234511852265
15072;Place Fernand Forest;33;48.849269143835926,2.2818631678819656
17023;Porte d'Asnières;36;48.89035817610495,2.3036286234855656
44101;Place Mongolfier;39;48.815160030060376,2.4592879414558415
21402;Place Aimé Césaire;27;48.783194713067815,2.2429127991199493
11033;Bréguet - Sabin;33;48.856931678257446,2.3706749462105408
17009;Paul Bodin - Clichy;34;48.89239614618928,2.317142598330975
16037;Molitor - Michel-Ange;52;48.845182081538034,2.26211277356597
20034;Sorbier - Ménilmontant;24;48.86854239566069,2.3897721245884895
4103;Archives - Rivoli;25;48.857346707443455,2.3539767041802406
4014;Blancs-Manteaux - Archives;29;48.859418007030406,2.355947121977806
18136;Poulet - Barbès;20;48.887148,2.349064
19111;Cesaria Evora - Rosa Parks;40;48.89717672825043,2.3745173960924144
19130;Place Paul Delouvrier;26;48.89197621431365,2.3851288855075836
21505;Édouard Vaillant - Place Jean Jaurès;24;48.86265537999924,2.2089037319128613
1116;Ventadour - Opéra;27;48.866810653323,2.334388448251871
31020;Résistance - Parmentier;35;48.85965138131299,2.436705082654953
35005;Quai de l'Aisne - Général Leclerc;27;48.895713,2.400571
2006;Place des Victoires;24;48.8660354,2.3420333
23042;André Theuriet - Blagis;30;48.77977325745441,2.3130525648593903
44004;Place de l'Eglise - Vitry-sur-Seine;28;48.791922819921815,2.395057752728462
13051;Halle Freyssinet - Parvis Alan Turing;23;48.832846814471,2.3711421713233
19006;Mathis - Flandre;55;48.8906429898976,2.3762554675340652
23041;Général Leclerc - Bièvre;25;48.782414428747316,2.3166695237159733
8052;Balzac - Champs Elysées;30;48.87269963962128,2.3001953959465027
13036;Olympiades;36;48.82676466519947,2.365086078643799
16025;Jean de la Fontaine - Boulainvilliers;68;48.85264791461651,2.2758664190769196
6004;Regard - Rennes;46;48.847385404955965,2.3268555477261543
11016;Philippe-Auguste;48;48.851853488264595,2.393294535577297
5105;Geoffroy-Saint-Hilaire - Saint-Marcel;17;48.83907826424974,2.356877340669728
10151;Gare du Nord - Faubourg Saint-Denis;28;48.879612765503616,2.3568402975797653
34009;Dora Maar - Nadia Guendouz;30;48.90545242130479,2.3220406472682957
35021;Cartier Bresson - Denis Papin;32;48.902616,2.397814
18045;Pierre Ginier - Clichy;16;48.8867667,2.326228
34008;Garibaldi - Gabriel Péri;30;48.90574191139427,2.331604420805889
32012;Carrefour Pleyel;36;48.92034156960326,2.3438543826341625
16107;Benjamin Godard - Victor Hugo;35;48.865983,2.275725
15026;Bir Hakeim;33;48.853844054333514,2.289705348222022
2017;Caire - Dussoubs;40;48.86785342111862,2.349364310503006
48003;Youri Gagarine - Karl Marx;22;48.78448485079149,2.35908430069685
92007;Pesaro - Préfecture;22;48.89577046284005,2.223908342421055
31022;Mairie de Montreuil;52;48.86131452758348,2.440614402294159
20112;Jourdain - Place des Grandes Rigoles;22;48.87403113727167,2.38959476351738
35010;Hoche - Jean Lolive;24;48.89110239200789,2.402843534946442
11026;Chemin Vert - Saint-Maur;45;48.86112461407359,2.381299026310444
42010;Mairie d'Ivry-sur-Seine;53;48.81057120969284,2.3842826485633855
21104;Madame de Sanzillon - Mozart;22;48.90379820774301,2.3187401890754704
15201;Place Amédée Gordini - Lefebvre;38;48.83061737745046,2.2920634208276174
8013;Marignan - Champs-Elysées;35;48.869495661232406,2.306613813900307
15033;Place Violet;30;48.84487893836502,2.2905756533145905
5114;Claude Bernard - Arbalète;17;48.83976676978202,2.347510904073715
21502;Verdun - Place Henri IV;26;48.870797375639214,2.2277003154158592
11114;Ledru-Rollin - Charonne;32;48.85345855607243,2.3772463581947094
8101;Londres - Amsterdam;23;48.878034461503965,2.326483540969424
14139;Pierre Larousse - Raymond Losserand;30;48.83059564231877,2.3119183257222176
18113;Lepic - Armée d'Orient;24;48.88753640381415,2.334307730197907
21706;Jean Bleuzen - Square du 11 Novembre;49;48.8232579,2.2965213
9026;Jean-Baptiste Pigalle - La Bruyere;17;48.87939826447722,2.333709173337285
16027;Mozart - Jasmin;62;48.85286124871689,2.268483570651513
18017;Caulaincourt - Place Constantin Pecqueur;44;48.8896779050281,2.33817871442611
2013;Favart - Italiens;17;48.87144635392104,2.338290105850787
17116;Reims - Porte d'Asnières;26;48.891834448210986,2.300144659954865
11034;Parmentier - Fontaine au Roi;48;48.86787670551736,2.372705978671471
5030;Sorbonne - Ecoles;50;48.849686566191,2.3434996604919
21004;Jean Jaurès - Reine;31;48.84009622558849,2.239872515201569
12120;Lac Daumesnil - Saint-Maurice;50;48.82774555743318,2.4183654785156246
12010;Daumesnil - Picpus;21;48.8374688,2.401765
4107;Beaumarchais - Pas de la Mule;18;48.855580507049055,2.368433367343057
22103;Senard - Charles Blum;24;48.857315824799,2.221091687679291
32021;Place du Front Populaire - George Sand;35;48.90680713698062,2.364541214992642
10110;Louis Blanc - Jemmapes;31;48.879330755297346,2.368448562920093
10037;Quai de Valmy;26;48.88126951579429,2.368186041712761
13039;Ivry - Simone Weil;18;48.823283932030755,2.3659095168113713
21030;Fessart - Château;20;48.84245,2.23989
32301;Mairie de Romainville;17;48.885109,2.435679
20108;Jardin de l'Hospice Debrousse;23;48.861451061938,2.405686005949974
15030;Emeriau - Beaugrenelle;74;48.84791249714942,2.2843059897422795
18038;Rond-Point de la Chapelle;49;48.895126609314104,2.359971106052399
21401;Mairie de Clamart;33;48.800612,2.262151
33016;Fort d'Aubervilliers;22;48.91502382370325,2.4035281687974925
13009;Auguste Blanqui - Corvisart;26;48.8300989,2.3502726
13025;Place de Rungis;32;48.82245594764965,2.347382729482953
1003;Saint-Denis - Rivoli;43;48.85905934084166,2.3476943001151085
44011;Lebrun - Colonel Fabien;27;48.78266870733145,2.381317801773548
8027;Mairie du 8ème;14;48.877932,2.318264
21315;Jules Guesdes - Général de Gaulle;24;48.81930581291959,2.278934195637703
1020;Cambon - Rivoli;40;48.866143390992,2.3251800647136633
7012;Cité Vaneau;26;48.8542210666207,2.319614924490452
16102;Pergolèse - Marbeau;27;48.87356870686902,2.281512522529856
19010;Emile Reynaud - Porte de la Villette;22;48.90098953630053,2.3887022584676743
21215;Verdier - Jean Jaurès;33;48.81614048711214,2.3123561963438988
4012;Tiron - Rivoli;28;48.85569225323279,2.357905805110932
10041;Gare du Nord - La Chapelle;18;48.884178287285735,2.3561057075858116
42026;Barbès - Monique Maunoury;40;48.81552718820216,2.3687169334905405
4018;Saint-Bon - Rivoli;19;48.857999643314926,2.350217280976349
21011;Silly - Louis Blériot;23;48.83219045374266,2.2340199351310734
44008;Youri Gagarine - Commune de Paris;33;48.78242746304141,2.3939734697341923
20142;Mûriers - Père Lachaise;20;48.864130509668044,2.39164982067019
20003;Pyrénées - Cours de Vincennes;21;48.84779677993506,2.406172156333924
8007;Rome - Provence;30;48.874230055580306,2.325570111724113
24007;Jean-Baptiste Charcot - Sainte-Geneviève;21;48.90310883721567,2.278892956674099
12040;Porte de Charenton;67;48.83124010585643,2.3989107459783554
17126;Hélène et François Missoffe - Emile Borel;32;48.89990653843488,2.321543991674844
5001;Harpe - Saint-Germain;45;48.85151881501689,2.343670316040516
21010;Silly - Galliéni;25;48.835583838705936,2.2325500845909123
17041;Guersant - Gouvion-Saint-Cyr;36;48.88287775178599,2.287667370814871
8009;Gare Saint-Lazare - Isly;27;48.874777677621296,2.326515804784655
19015;Thionville - Ourcq;24;48.88917613743794,2.3833653330802917
42014;Place Marcel Cachin;32;48.81411442356866,2.39090770483017
14008;Mouton Duvernet - Général Leclerc;39;48.831632518292565,2.3293121159076686
21209;Molière - République;30;48.81111581390707,2.3145738624448158
21006;Marcelin Berthelot;27;48.8415473058801,2.233161628246308
44003;Gabriel Péri - Danielle Casanova;20;48.790114,2.4025777
22203;Tertres - Fontaine;28;48.787553654715644,2.306235730648041
22402;Jean Jaurès - Salvador Allende;43;48.821475594736775,2.3026576638221745
9010;Rochechouart lamartine;24;48.876719895109,2.344393021853951
1002;Victoria - Place du Chatelet;22;48.85799259152685,2.3469167947769165
21305;Place Jacques Madaule;25;48.8239337873086,2.2606918215751652
17045;Place des Ternes.;46;48.878438631226516,2.297727763652802
33009;Félix Faure - Sadi Carnot;33;48.90812110228388,2.378623187541962
41207;Place du Général de Gaulle;28;48.8525288,2.4877332
6018;Michelet - Assas;18;48.84274150283194,2.335021197795868
19037;Belleville - Porte des Lilas;32;48.87660391892763,2.404769691129476
17124;Porte de Saint-Ouen - Henri Huchard;26;48.898708366365064,2.3295360803604126
20027;Porte de Ménilmontant;15;48.8691543609174,2.40932246879487
15108;Lourmel - Marie Skobtsov;22;48.844974,2.287283
26001;Gare d'Asnières sur Seine;24;48.90636459217474,2.2835066914558415
35017;Toffier Decaux - Cartier Bresson;7;48.90165072551549,2.4017545580863957
23007;Président Wilson - Jean Jaures;27;48.89034054052266,2.2920683026313786
9118;Faubourg Poissonniere - Delta;36;48.882555807626765,2.3497482016682625
41206;Place des Larris;34;48.8568363,2.4780236
13019;Fernand Braudel - Vincent Auriol;36;48.83637852318147,2.3723404482007027
13022;Butte aux Cailles - Esperance;36;48.82758774190948,2.3492151126265526
16031;Vignes - Boulainvilliers;21;48.856399483950504,2.275240458548069
42011;Quai Marcel Boyer - Victor Hugo;29;48.82255636666729,2.392039597034455
15009;Suffren - Pérignon;46;48.84717561492764,2.307052147596786
35015;Averroès - Aimé Césaire;19;48.91405323432864,2.412636950612068
15019;Paul Barruel - Vaugirard;39;48.84014918546239,2.3044332861900334
15131;Charles Lecocq - Lecourbe;30;48.84044,2.294867
41210;Hôtel de ville de Fontenay-sous-Bois;20;48.84949749106274,2.4750164151191716
11109;Pierre Levée - Fontaine Timbaud;23;48.86632723374305,2.3711163550615306
21307;Victor Cresson - Telles de la Poterie;31;48.82269884297945,2.2686498274963633
11032;Jean-Pierre Timbaud - Vaucouleurs;47;48.867937,2.377885
13126;Place Nationale - Château-des-Rentiers;18;48.829566,2.365053
51002;Placette Grégoire Collas;25;48.94342014002797,2.2487476095557213
51001;Gare d'Argenteuil;40;48.947022436806705,2.256898172199726
41401;Marne - Charles de Gaulle;27;48.815071719544434,2.4121668934822087
20001;Place de la Nation - Charonne;36;48.848364667776785,2.399762385981272
21026;Sèvres - Général Leclerc;30;48.83012155905476,2.231426239013672
7021;Bosquet - Saint-Dominique;28;48.85865170952645,2.303716580234576
31709;Place de la Fraternité;22;48.85716405838368,2.422847449779511
2002;Etienne Marcel - Montorgueil;28;48.86450567259199,2.3461959511041637
22502;Kléber - National;20;48.906333898712234,2.2393910586833954
12163;Hippodrome Paris-Vincennes;42;48.82048387758518,2.446271181106568
31104;Mairie de Rosny-sous-Bois;30;48.87125651901151,2.4865807592868805
22506;Gare des Vallées;20;48.913179,2.257726
14134;Château - Place de Catalogne;33;48.836805542262134,2.3185293003916745
42028;Verdun - Carnot;28;48.808439376064946,2.373795211315155
1015;Place André Malraux;19;48.86392515872666,2.3356226831674576
4005;Quai des Célestins - Henri IV;14;48.8512971,2.3624535
42210;Victor Hugo - Paul Eluard;32;48.819602554906844,2.4114319673050937
24101;Place Charles de Gaulle;24;48.82654572003984,2.189258873608822
43007;Hôtel de Ville de Vincennes;27;48.84827609706963,2.4398955702781677
12022;Sahel - Général Michel Bizot;33;48.840872964793355,2.4044444784522057
15027;Duhamel - André Gide;20;48.8365662244334,2.312707121097412
13008;Place d'Italie - Soeur Rosalie;52;48.83190852039389,2.3546943448098023
21112;Claude Debussy - Marc Bloch;56;48.91038818051166,2.3117771744728093
31301;Gare RER;30;48.896241412268,2.4595758300992
18023;Ordener - Poissonniers;35;48.891213890844654,2.351288666219873
18026;Ruisseau - Ordener;35;48.89299462568024,2.340144887566567
8002;Gare Saint-Lazare - Cour du Havre;45;48.87567440085132,2.3265598341822624
9020;Toudouze - Clauzel;21;48.87929591733507,2.3373600840568547
7001;Invalides - Duroc;29;48.8477924732952,2.3161920905113225
92002;Théâtre des Amandiers - Palais des sports;24;48.89264852683893,2.2136941552162175
9002;Abbeville - Faubourg Poissonnière;14;48.879223,2.349147
19003;Quai de la Seine;24;48.884492238407525,2.3703941702842717
31024_relais;Romainville - Vaillant-couturier;0;48.868054,2.4470495
11023;Saint-Maur - Roquette;46;48.858688774062955,2.383553994571467
31009;Place Du Général De Gaulle;26;48.8687591,2.4329931
17030;Pereire - Rennequin;23;48.88364782887555,2.2952447086572647
12128;Pyramide - Ecole du Breuil;34;48.82237977153955,2.4586871266365056
2111;Chabanais - Petits Champs;30;48.86703740186721,2.336716018617153
31003;Paris - Emile Zola;30;48.854898095789295,2.4186685681343083
13050;Quai Panhard et Levassor;57;48.82837482809675,2.384273745805574
43005;Gare RER de Vincennes;51;48.847563015126106,2.433383166790009
32003;Wilson - Métallurgie;28;48.909423010092326,2.3584435880184174
7005;Raspail - Bac;52;48.855628721100935,2.3256602883338933
16034;Porte d'Auteuil;33;48.8479394142243,2.2608396783471107
12030;Charenton - Wattignies;33;48.83667579640627,2.391795855555629
35009;Jean Lolive - Parc Stalingrad;22;48.89206174403158,2.4091735482215886
13014;Gare d'Austerlitz;14;48.842524,2.364044
42023;Place Léon Gambetta;26;48.81461250235386,2.4029293656349187
15029;Emeriau - Place de Brazzaville;51;48.850785261674964,2.2871585190296173
23011;Bineau - Louise Michel;25;48.88666162206972,2.2843274474143986
18032;Porte de Clignancourt.;56;48.897488,2.343996
16123;Mahatma Gandhi;26;48.876356,2.264205
6016;Danton - Serpente;22;48.85229736258167,2.3414132371544834
15049;Porte de Versailles;0;48.83215381734912,2.2871491312980647
15035;Place Etienne Pernet;43;48.84243457133779,2.2921819612383847
11006;Ledru-Rollin - Place du Père Chaillet;37;48.856433706943704,2.379020587761426
11043;Place Pasdeloup;21;48.86265421563133,2.3670325062844237
14030;Pernety - Raymond Losserand;32;48.83425462795304,2.317609339386963
10036;Aqueduc - Villette;28;48.883886063895396,2.36719880331497
19041;Belleville - Pyrénées;42;48.8741908,2.3860039
18137;Poissonniers - Nord;28;48.892511213520656,2.3522228747606277
7026;Place de Finlande;25;48.86240833596654,2.311362437903881
11046;Place de la République - Voltaire;19;48.86683096894219,2.3654810339212418
23105;Sèvres Rive Gauche;33;48.82144321827765,2.215078530688475
12153;Terroirs de France - Lheureux;55;48.83212027074841,2.388618104159832
11044;Square du Bataclan;20;48.8633762,2.3711327
9016;Choron - Martyrs;17;48.877851443502536,2.3396701365709305
22010;Charles de Gaulle - Louis-Philippe;28;48.88162131114395,2.2712830090406526
16024;Ranelagh - Maison de la Radio;22;48.85293603169479,2.280449643731117
17015;Place de Lévis;48;48.883546851533254,2.3131933808326726
16001;Portugais - Kléber;26;48.8712148,2.2937349
6012;Saint-Germain - Ciseaux;18;48.85330527759475,2.334465461882703
21501;Pont de Suresnes;52;48.8674150923217,2.225894667961703
9034;Godot de Mauroy - Madeleine;22;48.869789,2.326347
21707;Square Etienne Jarousse;25;48.82485182597129,2.2925933450460434
3102;Bourg l'Abbé - Saint-Martin;42;48.86393331949257,2.352406270802021
17024;Villiers - Batignolles;23;48.88125253846116,2.31653843075037
8117;Place de la Madeleine - Royale;26;48.86922805264812,2.3244211077690125
26004;Gare RER les Grésillons;22;48.919898633572764,2.31458459136273
3008;Perle - Vieille du Temple;36;48.8601346,2.3611206
44014;Camille Risch - Paul Armangot;25;48.774703,2.373685
14103;Maine - Liancourt;27;48.835064363954,2.323731449973991
10006;Petites Ecuries - Faubourg Saint-Denis;28;48.87287120589831,2.3542150855064397
26005;Hôtel de Ville d'Asnières sur Seine;30;48.90999330025577,2.288238108158112
9039;Chaussée d'Antin - Haussmann;28;48.87243,2.33359
1018;Alger - Rivoli;21;48.86477355349535,2.329449393612793
16139;Suresnes - Muette à Neuilly;30;48.86857040434825,2.266000919044018
32020;Jules Guesdes - Carnot;16;48.93828169931872,2.3508992046117783
23303;Gare de Robinson;30;48.7799259211605,2.281828634440899
23202;Henri Barbusse - Gabriel Péri;27;48.80177379583565,2.2874166362216375
8104;Chateaubriand - Friedland;0;48.8740144756374,2.29991625786582
15012;Cambronne - Mademoiselle;67;48.843277330035214,2.30230766886348
14027;Gergovie - Alésia;36;48.83088717455243,2.318882101207347
12102;Bercy - Traversiére;30;48.846192642574,2.3703800886869
42205;Place Aristide Briand;35;48.82189236575831,2.413003742694855
12122;Bois de Vincennes - Polygone;51;48.83544491617421,2.431421081436563
5031;Lacépède - Linné;54;48.8437035476636,2.354651279747486
13053;Chevaleret - Tolbiac;21;48.82941,2.375934
21954;Val-Fleury;23;48.807671407991,2.2407217696309
17026;Jouffroy d'Abbans - Wagram;40;48.881973298351625,2.301132157444954
5016;Thouin - Cardinal Lemoine;17;48.84504716661511,2.3494647851273465
15068;Général Martial Valin - Pont du Garigliano;16;48.83823094269141,2.270506024360657
10115;Granges aux Belles;27;48.8761373390584,2.3680844979417
10029;Dunkerque - Rocroy;24;48.880726,2.351464
10161;Gare de l'Est - Faubourg-Saint-Martin;32;48.87564264747718,2.3594588041305546
16026;Ranelagh - Mozart;23;48.8554439,2.2704418
19043;Delphine Seyrig - Général Leclerc;53;48.893923963057865,2.39790290594101
8010;Liège - Moscou;17;48.8795431,2.3264628
46002;Rouget de Lisle;35;48.764615483395254,2.4071189761161804
10016;Récollets - Square Villemin;17;48.875034655883944,2.359801238597928
33102;Gabriel Péri - Francisco Ferrer;18;48.88633710236977,2.407338917255402
8054;Bertie Albrecht - Hoche;32;48.87614039826388,2.301303138307601
31708;Noisy le Sec - Jean-Baptiste Clément;22;48.87451538963655,2.415283620357514
21008;Victor Hugo - Galliéni;34;48.83802015441127,2.2460845112800603
92008;Hôtel de Ville de Nanterre;38;48.892371898250424,2.205548956990242
18012;Stephenson - Doudeauville;36;48.888537048944826,2.3561610281467438
17102;Alfred Roll - Berthier;28;48.88780857052871,2.30009529817631
18141;Clignancourt - Sofia;19;48.88511992309783,2.34719488842051
12034;Pirogues de Bercy - Libourne;49;48.832308,2.38637
8033;Commandant Rivière;27;48.872933,2.309796
14019;Sarrette - Général Leclerc;22;48.82503085292528,2.326412869398186
42207;Place des Marseillais;37;48.82663907252554,2.4059280753135686
5116;Place Valhubert;37;48.844182577315166,2.3640366643667217
43006;Vignerons - Minimes;29;48.841486,2.430793
14018;Porte d'Orléans;48;48.8227639,2.3249313
21032;Sèvres-Gallieni;27;48.83780940895712,2.2281519323587418
14122;Colonel Monteil - Brune;19;48.8265029331101,2.30927479982717
17122;Bridaine - Lamandé;29;48.8862074,2.3206239
19040;Belleville - Télégraphe;41;48.8756045,2.3995549
17121;Square des Epinettes;20;48.89383909781389,2.325953990221024
13046;Eugène Oudiné - Dessous Des Berges;44;48.8256423,2.3750226
14028;Alésia - Suisses;47;48.831682520717614,2.3149869226003754
8038;François 1er - Montaigne;29;48.866887649978096,2.306675575720671
9012;Rougemont - Poissonnière;30;48.871611569354755,2.345873080193996
15061;Square Desnouettes;22;48.83476837934194,2.284142297394666
9113;Bleue - Trévise;30;48.87578906564573,2.347289621829987
2014;Daunou - Louis le Grand;17;48.869113,2.332515
16041;Versailles - Claude Terrasse;46;48.84021933807409,2.263834191152959
11048;Place Mireille Havet;43;48.850533,2.383756
17104;Jardin Marguerite Long;22;48.8816985773914,2.2836575657129288
14016;René Coty - Parc Montsouris;55;48.82479134498032,2.336124926805496
14127;Odessa - Départ;39;48.842885590080826,2.3244281485676765
23006;Jules Guesde - Alsace;25;48.89056627550627,2.295077741146088
20047;Cours de Vincennes - Davout;48;48.847238029965595,2.4107042336224986
15060;Place de la Montagne du Goulet;21;48.8443415,2.2773844
8008;Joseph Sansboeuf - Saint Lazare;18;48.87531563065266,2.3229019716382027
22013;Mairie de Neuilly sur Seine;31;48.88494728765838,2.2677031159400944
21708;Marcel Yol - Jullien;30;48.82537611802588,2.287235018058929
15123;Commerce - Letellier;44;48.84797660373612,2.2966245196598805
9101;Cadet - La Fayette;19;48.87560163267239,2.343570403754711
13128;Quai de la Gare - Pont de Bercy;30;48.837307879720484,2.3740861260598494
7017;La Motte-Picquet - La Tour Maubourg;40;48.8572316,2.3094136
4021;Centre Georges Pompidou;26;48.861419,2.352581
21319;Esplanade du Foncet - Camille Desmoulins;28;48.827090233494964,2.2606857866048813
14011;Place des Droits de l'Enfant;24;48.8274804,2.3319217
16012;Flandrin - Longchamp;42;48.86877849178477,2.274354539176829
12019;Gare de Reuilly - Picpus;28;48.84267354116789,2.3972943797707558
18140;Porte de Clignancourt - Ney;40;48.899641123987095,2.344321422278881
8110;Gare Saint-Lazare - Stockholm;32;48.877127316667654,2.322417162358761
3001;Beaumarchais - Saint-Gilles;51;48.8580378,2.3679352
11037;Faubourg Du Temple - Republique;38;48.867872484748744,2.3648982158072323
3005;Sainte-Elisabeth - Turbigo;33;48.86610337431042,2.359649240970612
26006;Bas - Gabriel Péri;30;48.91585580539625,2.2948095202445984
28005;Jean Jaurès - Paul Lafargue;28;48.88493317766629,2.248448878526687
10201;Magenta - Chabrol;24;48.876495350882045,2.3560990020632744
12016;Saint-Mande - Picpus;35;48.845127728277696,2.4015686296481897
34013;Blanqui - Docteur Bauer;28;48.90773548908503,2.3407192814591364
48012;Stalingrad - Henri Luisette;26;48.78363092456589,2.366935946761926
23703;Gare de Chaville Rive Gauche;18;48.80516030434533,2.188277207314968
13015;Chevaleret - Louise Weiss;35;48.83258651335057,2.371211388119954
15053;Lecourbe - Convention;46;48.83923319241899,2.2915197908878326
20032;Square des Amandiers;12;48.86615630668046,2.3891324177384377
16033;Marché d'Auteuil;32;48.84842761367387,2.265253821160005
19014;Lorraine - Jean Jaurès;19;48.8863865,2.3825772
15014;Volontaires - Vaugirard;34;48.84132050184004,2.30808901725357
6009;Guynemer - Jardin du Luxembourg;36;48.8466127,2.3325478
8031;Jean Mermoz - Champs-Elysées;33;48.869689856852,2.3107324540615
20035;Pyrénées - Ménilmontant;26;48.8693268535238,2.395084574818611
22305;Jean Jaurès - Place du Dr Roux;35;48.92756703279621,2.2947337017374063
14014;Jourdan - Stade Charléty;60;48.819428333369,2.3433353751898
5022;Boulangers - Cardinal Lemoine;20;48.8462904,2.3521495
6001;Institut de France;17;48.85761567856468,2.335831353037739
22409;Henri Barbusse - Stalingrad;16;48.814183748660554,2.2872862592339516
17004;Legendre - Clichy;40;48.88896161855884,2.322528975094376
19101;Square Simon Bolivar;24;48.8750898883217,2.3826304078102116
13001;Port-Royal - Hôpital du Val-de-Grâce;18;48.8376682728114,2.344813834660711
21306;Place Lafayette;62;48.829654975522296,2.263867557048798
5106;Cujas - Saint-Michel;19;48.84819134858432,2.34183165485398
19024;Botzaris - Parc des Buttes Chaumont;20;48.877951,2.381464
15021;Joseph Liouville - Croix Nivert;64;48.844835471244416,2.297508493065834
31010;Stalingrad - Désiré Chevalier;42;48.85670169739857,2.445072233676911
11007;Jean Macé - Faidherbe;63;48.85337548425958,2.3828620836138725
35018;Ancien Canal - Hélène Brion;23;48.89484799296163,2.4188338592648506
33001;Victor Hugo - Magasins Généraux;34;48.903281401126755,2.368072383105755
20036;Ménilmontant - Pelleport;19;48.87068263384462,2.398959602331646
27002;Parc Pierre Lagravère;30;48.92650488131725,2.239069678491417
18020;Francoeur - Marcadet;20;48.89104123261663,2.340014585442034
21013;Pierre Grenier - Pont de Billancourt;21;48.8258020742942,2.2487989068031315
34002;Capitaine Glarner - Gabriel Péri;27;48.902449900418745,2.3304807533425724
10023;Gare de l'Est - Verdun;14;48.87615605427147,2.360914908320552
17046;Mac-Mahon - Brey;25;48.877532084130166,2.294512536052928
18049;Porte d'Aubervilliers;55;48.89859661942376,2.3689722642302513
16015;Bassano -  Iéna;15;48.868144510482075,2.296149600985935
20201;Eugène Reisz - Davout;20;48.85631874632638,2.410396970808506
22102;Mont Valérien - Michel Salles;24;48.8561915,2.2152966
31704;Jeanne Hornet - Girardot;29;48.873802681432146,2.427820265293122
5019;Poissy - Saint-Germain;25;48.849696494270084,2.352968528866768
18019;Square Raymond Souplex;52;48.89183721478911,2.335426103165901
14116;Romain Rolland;25;48.820215229662765,2.3234144234418346
6031;Pierre Sarrazin - Saint-Michel;33;48.85090814639774,2.3421307280659676
12154;Square Georges Melies;40;48.84070239213081,2.409667745232582
19021;Mairie du 19ème;27;48.88256264247959,2.3812624812126164
20045;Louis Ganne - Davout;30;48.86338720692607,2.409725748002529
8032;Matignon - Faubourg Saint-Honoré;36;48.87147859116726,2.313977926969528
13110;Moulin de la Pointe;22;48.82092946051445,2.3563179373741145
18114;Véron - Lepic;23;48.88526123395252,2.334559857845307
7024;Rapp - Place du Général Gouraud;31;48.85810288510693,2.300407290458679
19113;Pré Saint-Gervais - Lilas;28;48.87787062698808,2.39590734243393
11031;Jacquard - Ternaux;39;48.8646605,2.373162
7111;Ecole Militaire - Place Joffre;26;48.852060203582795,2.301799356937409
13048;Wurtz - Tolbiac;28;48.82631195621006,2.344585955142975
13121;Bruneseau - Quai d'Ivry;48;48.82494563758295,2.388566136360169
15043;Brancion - Lefebvre;11;48.82900222785569,2.301431038163409
16003;André Maurois - Joseph et Marie Hackin;29;48.8778983,2.2789591
42501;Raspail - Albert Schweitzer;28;48.81031545,2.34395871
12007;Gare de Lyon - Chalon;45;48.84566619420225,2.3741452395915985
15057;Lucien Bossoutrot - Général Martial Vallin;39;48.83695604631085,2.274107225239277
15005;Place Jacques et Thérèse Tréfouël;43;48.842726498316644,2.3125657439231877
13044;Place Jeanne d'Arc;36;48.829575,2.369126
9024;Taitbout - La Fayette;53;48.87332988919973,2.3352625966072087
15018;Dutot - Place Alleray;56;48.83682609176588,2.307170109557766
13018;Bruant - Vincent Auriol;25;48.83484845292942,2.366826499627087
45002;Roger Salengro - Général de Gaulle;27;48.820029010376956,2.4846760556101803
2021;Cléry - Montmartre;44;48.867458,2.3445211
44001;Quai Jules Guesde - Saint-Simon;30;48.80391487218989,2.408966162027371
3004;Place de la République - Temple;18;48.86721120185892,2.363546437054538
27006;Victor Hugo - Gare;22;48.92313395265796,2.2600970417261124
9019;Victor Massé - Jean-Baptiste Pigalle;18;48.88110437240003,2.3366955667734146
42019;Lampes;43;48.81152481985875,2.4017931148409843
23103;Manufacture Nationale;28;48.828785140979505,2.2237222641706467
18016;Francoeur - Caulaincourt;34;48.8899944409612,2.342529706656933
19117;Euryale Dehaynin - Loire;30;48.886248917304805,2.3774591088294987
48002;LCL Campus - Place Oscar Niemeyer;37;48.805342480621576,2.363983690738678
15050;Dominique Pado - Croix Nivert;22;48.83648798164934,2.2897250577807426
7023;Bourdonnais - Tour Eiffel;60;48.860897797941,2.29559959844703
8046;Marceau - Président Wilson;32;48.8652359,2.3002513
5033;Saint-Séverin - Saint-Michel;30;48.85273130548806,2.3440927639603615
15120;Colonel Pierre Avia;29;48.8296843300915,2.275342586850291
21510;Fontaine du Tertre - Calvaire;24;48.8702539,2.2187778
21514;Place de la Paix - Abbé Saint-Pierre;24;48.86462724459225,2.2047570338469806
5110;Lacépède - Monge;23;48.84389286531899,2.3519663885235786
31028;Raspail Barbès;28;48.8529945,2.4247387
7011;Las Cases - Bourgogne;22;48.85909110474066,2.3185685276985173
13118;Regnault - Patay;63;48.82435782216384,2.377065159380436
9038;Douai - Bruxelles;27;48.88320784122797,2.3308449949028507
1001;Quai de l'Horloge - Pont Neuf;17;48.857058739111096,2.341798283943937
8036;Lisbonne - Monceau;33;48.87745567681383,2.309694221419506
9022;Rossini - Laffitte;33;48.87334627510507,2.337980867701675
20042;Pyrénées - Emmery;40;48.872010281270974,2.392039597034455
15067;Desaix - Edgar Faure;12;48.852804604940296,2.293077029857222
21212;Marne - Germain Dardan;22;48.81154270401601,2.303070724010468
42706;Roger Salengro - Fontainebleau;25;48.814548697324845,2.36116636544466
20131;Repos - Cimetière du Père Lachaise;33;48.859358523592554,2.389613136684456
35020;Marcelle - Thalie;20;48.8835462,2.4137883
21701;Larmeroux - Baudelaire;29;48.816939911291605,2.280989480484553
19029;Seine - Flandre;19;48.886785741479684,2.3746193200349808
19013;Laumière - Petit;34;48.88467368538326,2.380039058625698
26007;Square Gilbert Thomain;20;48.90717373809284,2.2695400938391685
19005;Flandre - Riquet;21;48.888013281448,2.3737595955229
15025;Dupleix - du Guesclin;47;48.85147910413369,2.296709530055523
11102;Alexandre Dumas - Voltaire;59;48.85288867036487,2.389147640809553
19004;Quai de la Loire - Jean Jaurès;16;48.88339733854529,2.371074522980134
20043;Charonne - Avron;27;48.85160266522164,2.398403047037931
19019;Petit - Manin;22;48.88650687534334,2.3938155401308374
17018;Parc Monceau;18;48.88107791412864,2.3095492646098137
21105;Morice - Général Leclerc;25;48.90245471981591,2.3128929734230046
20109;Haxo - Surmelin;21;48.8694370761222,2.40539657537972
44102;Verdun - Adrien Damalix;26;48.8222334178559,2.4215328320860863
22001;Château - Bineau;23;48.890404028589806,2.270106375217438
9031;Provence - Chaussée d'Antin;25;48.87428447542072,2.332976511564311
47004;Stade Auguste Delaune;21;48.80896378683884,2.4345204234123234
10010;Place Jacques Bonsergent;33;48.870948218595146,2.3612049221992497
18008;Square Léon;33;48.88667396788626,2.353205569088459
31023;Place François Mitterand;34;48.86492782016328,2.442958317697048
15020;Mairie du 15ème;32;48.8417762,2.2986539
9013;Mairie du 9ème;24;48.87326713758289,2.340753448052758
13047;Boutroux - Porte de Vitry;49;48.822632,2.377738
22009;Charles de Gaulle - Orléans;26;48.88092225101522,2.271581590175629
19124;Alexander Fleming - Belvédère;31;48.88179064200294,2.4030599377642674
14113;Santé - Arago;38;48.83507657562064,2.3415737262044938
12006;Gare de Lyon - Van Gogh;51;48.8438397856433,2.370445024035681
16007;Longchamp - Place d'Iéna;40;48.86491723343388,2.2926748171448708
5034;Censier - Santeuil;69;48.840658921385234,2.3537524044513702
20122;Vitruve - Davout;23;48.86053161154489,2.4091592812626543
4016;Lobau - Hôtel de Ville;60;48.8562118,2.3532536
14131;Jourdan - Monticelli;30;48.822032,2.329095
22303;Lucien Lanternier - Le Luth;27;48.93159430558871,2.2889783978462224
92001;Mairie de quartier du Plateau - Mont-Valérien;20;48.8799933,2.2072437
15004;Vaugirard - Pasteur;21;48.84040868803496,2.3154367133975033
19128;Quai de l'Oise - Aisne;30;48.8906231,2.3833701
18044;Clichy - Douai;32;48.88411831886975,2.3287287354469304
12038;Picpus - Louis Braille;44;48.839988788911874,2.400525668552064
12035;Madagascar - Meuniers;33;48.83460464474706,2.3970650508999825
41403;Gare RER - Malleret-Joinville;20;48.802936,2.42531
16005;Raymond Poincaré - Place Victor Hugo;25;48.870306124369975,2.285074541420228
11112;Jules Vallès - Charonne;23;48.85428437993525,2.384767457842827
19110;Square Claude Bernard;30;48.89876016219984,2.375325746834278
5015;Epée de Bois - Mouffetard;63;48.841508690388835,2.350066713988781
18004;Place des Abbesses;12;48.884542726149725,2.3386867716908455
2015;Louis le Grand - Italiens;33;48.870508937203915,2.334054461939329
12020;Cours de Vincennes - Soult;45;48.846918761569306,2.4105220288038254
19129;Solitaires - Place des Fêtes;29;48.876601,2.391769
35012;Candale - Mehul;25;48.8893935006175,2.414379715919495
22601;Marx Dormoy - Château Sainte-Barbe;22;48.791782341055324,2.297856844961643
21119;Belfort - Victor Hugo;24;48.9018492,2.3172724
34010;Hôtel de Ville de Saint-Ouen;48;48.91138018578648,2.334007680760051
11014;Place de la Nation - Taillebourg;47;48.8488408,2.3973043
16017;Siam - La Pompe;16;48.861720329027264,2.275346568555312
21023;Ancienne Mairie - André Morizet;25;48.838311,2.234077
22404;Pierre Brossolette - 12 Février 1934;25;48.8176962416867,2.3076123744249344
15044;Dantzig - Lefebvre;33;48.83013921586756,2.295934036374092
22007;Commandant Charcot - Bretteville;36;48.87530570765423,2.2558460757136345
8039;Colisée - Champs-Elysées;24;48.87047539938743,2.3076190799474716
10026;Gare de l'Est - Chateau Landon;59;48.879305,2.362424
